Ідентифікатор,Звітна дата,Код ЄДРПОУ,Форма звітності,1000,1001,1002,1005,1010,1011,1012,1015,1020,1030,1035,1040,1045,1050,1060,1065,1090,1095,1100,1101,1102,1103,1104,1110,1115,1120,1125,1130,1135,1136,1140,1145,1155,1160,1165,1166,1167,1170,1180,1190,1195,1200,1300,1400,1405,1410,1415,1420,1425,1430,1435,1495,1500,1505,1510,1515,1520,1525,1530,1535,1540,1545,1595м,1595,1600,1605,1610,1615,1620,1621,1625,1630,1635,1640,1645,1650,1660,1665,1670,1690,1695,1700,1800,1900,2000,2010,2011,2012,2013,2014,2050,2070,2090,2095,2105,2110,2111,2112,2120,2121,2122,2130,2150,2160,2165,2180,2190,2195,2200,2220,2240,2250,2255,2270,2275,2280,2285,2290,2295,2300,2305,2310,2350,2355,2400,2405,2410,2415,2445,2450,2455,2460,2465,2500,2505,2510,2515,2520,2550,2600,2605,2610,2615,2650,Середня чисельність працівників,Клас КВЕД2010,Секція КВЕД2010,Користувач,Версія 0.10.005,Дата та час збереження інформації
GROUP_BKZ,2026-01-01,GROUP_BKZ,Ф1/Ф2,1530.0,0.0,0.0,0.0,0.0,0.0,0.0,0.0,0.0,0.0,0.0,0.0,0.0,0.0,0.0,0.0,0.0,0.0,1271.81,0.0,0.0,0.0,0.0,101.74,0.0,1575.0,94.5,0.0,0.0,0.0,0.0,0.0,0.0,0.0,506.76,0.0,0.0,0.0,0.0,0.0,5865.0,0.0,12750.0,0.0,0.0,0.0,0.0,0.0,0.0,0.0,0.0,5355.0,0.0,0.0,1351.35,478.6,0.0,0.0,0.0,0.0,0.0,0.0,0.0,0.0,619.37,1137.94,365.99,136.55,0.0,0.0,0.0,0.0,0.0,0.0,0.0,0.0,0.0,0.0,0.0,0.0,4970.34,0.0,0.0,12750.0,11250.0,0.0,0.0,0.0,0.0,0.0,7200.0,0.0,4050.0,0.0,0.0,0.0,0.0,0.0,0.0,0.0,0.0,0.0,0.0,0.0,0.0,0.0,1800.0,0.0,0.0,90.0,0.0,292.5,0.0,0.0,0.0,0.0,0.0,0.0,0.0,135.0,0.0,0.0,1968.75,0.0,0.0,0.0,0.0,0.0,0.0,0.0,0.0,0.0,0.0,0.0,0.0,0.0,506.25,0.0,0.0,0.0,0.0,0.0,0.0,0.0,90.0,10.89,C,EWS_ETL,group-financials-1.0,2026-05-18T12:54:13Z
GROUP_CKM,2026-01-01,GROUP_CKM,Ф1/Ф2,1706.4,0.0,0.0,0.0,0.0,0.0,0.0,0.0,0.0,0.0,0.0,0.0,0.0,0.0,0.0,0.0,0.0,0.0,1413.12,0.0,0.0,0.0,0.0,113.05,0.0,1750.0,105.0,0.0,0.0,0.0,0.0,0.0,0.0,0.0,563.06,0.0,0.0,0.0,0.0,0.0,6541.2,0.0,14220.0,0.0,0.0,0.0,0.0,0.0,0.0,0.0,0.0,5972.4,0.0,0.0,1501.5,531.78,0.0,0.0,0.0,0.0,0.0,0.0,0.0,0.0,688.19,1264.38,406.66,151.73,0.0,0.0,0.0,0.0,0.0,0.0,0.0,0.0,0.0,0.0,0.0,0.0,5543.39,0.0,0.0,14220.0,12500.0,0.0,0.0,0.0,0.0,0.0,8000.0,0.0,4500.0,0.0,0.0,0.0,0.0,0.0,0.0,0.0,0.0,0.0,0.0,0.0,0.0,0.0,2000.0,0.0,0.0,100.0,0.0,325.0,0.0,0.0,0.0,0.0,0.0,0.0,0.0,150.0,0.0,0.0,2187.5,0.0,0.0,0.0,0.0,0.0,0.0,0.0,0.0,0.0,0.0,0.0,0.0,0.0,562.5,0.0,0.0,0.0,0.0,0.0,0.0,0.0,100.0,10.89,C,EWS_ETL,group-financials-1.0,2026-05-18T12:54:13Z
GROUP_KROK,2026-01-01,GROUP_KROK,Ф1/Ф2,2200.32,0.0,0.0,0.0,0.0,0.0,0.0,0.0,0.0,0.0,0.0,0.0,0.0,0.0,0.0,0.0,0.0,0.0,1808.8,0.0,0.0,0.0,0.0,144.7,0.0,2240.0,134.4,0.0,0.0,0.0,0.0,0.0,0.0,0.0,720.72,0.0,0.0,0.0,0.0,0.0,8434.56,0.0,18336.0,0.0,0.0,0.0,0.0,0.0,0.0,0.0,0.0,7701.12,0.0,0.0,1921.92,680.68,0.0,0.0,0.0,0.0,0.0,0.0,0.0,0.0,880.88,1618.4,520.52,194.21,0.0,0.0,0.0,0.0,0.0,0.0,0.0,0.0,0.0,0.0,0.0,0.0,7147.93,0.0,0.0,18336.0,16000.0,0.0,0.0,0.0,0.0,0.0,10240.0,0.0,5760.0,0.0,0.0,0.0,0.0,0.0,0.0,0.0,0.0,0.0,0.0,0.0,0.0,0.0,2560.0,0.0,0.0,128.0,0.0,416.0,0.0,0.0,0.0,0.0,0.0,0.0,0.0,192.0,0.0,0.0,2800.0,0.0,0.0,0.0,0.0,0.0,0.0,0.0,0.0,0.0,0.0,0.0,0.0,0.0,720.0,0.0,0.0,0.0,0.0,0.0,0.0,0.0,128.0,10.89,C,EWS_ETL,group-financials-1.0,2026-05-18T12:54:13Z
GROUP_UNMAPPED_13429839,2026-01-01,GROUP_UNMAPPED_13429839,Ф1/Ф2,1441.8,0.0,0.0,0.0,0.0,0.0,0.0,0.0,0.0,0.0,0.0,0.0,0.0,0.0,0.0,0.0,0.0,0.0,1201.16,0.0,0.0,0.0,0.0,96.09,0.0,1487.5,89.25,0.0,0.0,0.0,0.0,0.0,0.0,0.0,478.6,0.0,0.0,0.0,0.0,0.0,5526.9,0.0,12015.0,0.0,0.0,0.0,0.0,0.0,0.0,0.0,0.0,5046.3,0.0,0.0,1276.27,452.01,0.0,0.0,0.0,0.0,0.0,0.0,0.0,0.0,584.96,1074.72,345.66,128.97,0.0,0.0,0.0,0.0,0.0,0.0,0.0,0.0,0.0,0.0,0.0,0.0,4683.81,0.0,0.0,12015.0,10625.0,0.0,0.0,0.0,0.0,0.0,6800.0,0.0,3825.0,0.0,0.0,0.0,0.0,0.0,0.0,0.0,0.0,0.0,0.0,0.0,0.0,0.0,1700.0,0.0,0.0,85.0,0.0,276.25,0.0,0.0,0.0,0.0,0.0,0.0,0.0,127.5,0.0,0.0,1859.37,0.0,0.0,0.0,0.0,0.0,0.0,0.0,0.0,0.0,0.0,0.0,0.0,0.0,478.12,0.0,0.0,0.0,0.0,0.0,0.0,0.0,85.0,10.89,C,EWS_ETL,group-financials-1.0,2026-05-18T12:54:13Z
GROUP_UNMAPPED_14291113,2026-01-01,GROUP_UNMAPPED_14291113,Ф1/Ф2,1494.72,0.0,0.0,0.0,0.0,0.0,0.0,0.0,0.0,0.0,0.0,0.0,0.0,0.0,0.0,0.0,0.0,0.0,1243.55,0.0,0.0,0.0,0.0,99.48,0.0,1540.0,92.4,0.0,0.0,0.0,0.0,0.0,0.0,0.0,495.5,0.0,0.0,0.0,0.0,0.0,5729.76,0.0,12456.0,0.0,0.0,0.0,0.0,0.0,0.0,0.0,0.0,5231.52,0.0,0.0,1321.32,467.97,0.0,0.0,0.0,0.0,0.0,0.0,0.0,0.0,605.61,1112.65,357.86,133.52,0.0,0.0,0.0,0.0,0.0,0.0,0.0,0.0,0.0,0.0,0.0,0.0,4855.73,0.0,0.0,12456.0,11000.0,0.0,0.0,0.0,0.0,0.0,7040.0,0.0,3960.0,0.0,0.0,0.0,0.0,0.0,0.0,0.0,0.0,0.0,0.0,0.0,0.0,0.0,1760.0,0.0,0.0,88.0,0.0,286.0,0.0,0.0,0.0,0.0,0.0,0.0,0.0,132.0,0.0,0.0,1925.0,0.0,0.0,0.0,0.0,0.0,0.0,0.0,0.0,0.0,0.0,0.0,0.0,0.0,495.0,0.0,0.0,0.0,0.0,0.0,0.0,0.0,88.0,10.89,C,EWS_ETL,group-financials-1.0,2026-05-18T12:54:13Z
GROUP_UNMAPPED_14325705,2026-01-01,GROUP_UNMAPPED_14325705,Ф1/Ф2,1371.24,0.0,0.0,0.0,0.0,0.0,0.0,0.0,0.0,0.0,0.0,0.0,0.0,0.0,0.0,0.0,0.0,0.0,1144.63,0.0,0.0,0.0,0.0,91.57,0.0,1417.5,85.05,0.0,0.0,0.0,0.0,0.0,0.0,0.0,456.08,0.0,0.0,0.0,0.0,0.0,5256.42,0.0,11427.0,0.0,0.0,0.0,0.0,0.0,0.0,0.0,0.0,4799.34,0.0,0.0,1216.21,430.74,0.0,0.0,0.0,0.0,0.0,0.0,0.0,0.0,557.43,1024.14,329.39,122.9,0.0,0.0,0.0,0.0,0.0,0.0,0.0,0.0,0.0,0.0,0.0,0.0,4454.59,0.0,0.0,11427.0,10125.0,0.0,0.0,0.0,0.0,0.0,6480.0,0.0,3645.0,0.0,0.0,0.0,0.0,0.0,0.0,0.0,0.0,0.0,0.0,0.0,0.0,0.0,1620.0,0.0,0.0,81.0,0.0,263.25,0.0,0.0,0.0,0.0,0.0,0.0,0.0,121.5,0.0,0.0,1771.87,0.0,0.0,0.0,0.0,0.0,0.0,0.0,0.0,0.0,0.0,0.0,0.0,0.0,455.62,0.0,0.0,0.0,0.0,0.0,0.0,0.0,81.0,10.89,C,EWS_ETL,group-financials-1.0,2026-05-18T12:54:13Z
GROUP_UNMAPPED_20205260,2026-01-01,GROUP_UNMAPPED_20205260,Ф1/Ф2,1812.24,0.0,0.0,0.0,0.0,0.0,0.0,0.0,0.0,0.0,0.0,0.0,0.0,0.0,0.0,0.0,0.0,0.0,1497.91,0.0,0.0,0.0,0.0,119.83,0.0,1855.0,111.3,0.0,0.0,0.0,0.0,0.0,0.0,0.0,596.85,0.0,0.0,0.0,0.0,0.0,6946.92,0.0,15102.0,0.0,0.0,0.0,0.0,0.0,0.0,0.0,0.0,6342.84,0.0,0.0,1591.59,563.69,0.0,0.0,0.0,0.0,0.0,0.0,0.0,0.0,729.48,1340.24,431.06,160.83,0.0,0.0,0.0,0.0,0.0,0.0,0.0,0.0,0.0,0.0,0.0,0.0,5887.22,0.0,0.0,15102.0,13250.0,0.0,0.0,0.0,0.0,0.0,8480.0,0.0,4770.0,0.0,0.0,0.0,0.0,0.0,0.0,0.0,0.0,0.0,0.0,0.0,0.0,0.0,2120.0,0.0,0.0,106.0,0.0,344.5,0.0,0.0,0.0,0.0,0.0,0.0,0.0,159.0,0.0,0.0,2318.75,0.0,0.0,0.0,0.0,0.0,0.0,0.0,0.0,0.0,0.0,0.0,0.0,0.0,596.25,0.0,0.0,0.0,0.0,0.0,0.0,0.0,106.0,10.89,C,EWS_ETL,group-financials-1.0,2026-05-18T12:54:13Z
GROUP_UNMAPPED_20831737,2026-01-01,GROUP_UNMAPPED_20831737,Ф1/Ф2,824.4,0.0,0.0,0.0,0.0,0.0,0.0,0.0,0.0,0.0,0.0,0.0,0.0,0.0,0.0,0.0,0.0,0.0,706.56,0.0,0.0,0.0,0.0,56.52,0.0,875.0,52.5,0.0,0.0,0.0,0.0,0.0,0.0,0.0,281.53,0.0,0.0,0.0,0.0,0.0,3160.2,0.0,6870.0,0.0,0.0,0.0,0.0,0.0,0.0,0.0,0.0,2885.4,0.0,0.0,750.75,265.89,0.0,0.0,0.0,0.0,0.0,0.0,0.0,0.0,344.09,632.19,203.33,75.86,0.0,0.0,0.0,0.0,0.0,0.0,0.0,0.0,0.0,0.0,0.0,0.0,2678.14,0.0,0.0,6870.0,6250.0,0.0,0.0,0.0,0.0,0.0,4000.0,0.0,2250.0,0.0,0.0,0.0,0.0,0.0,0.0,0.0,0.0,0.0,0.0,0.0,0.0,0.0,1000.0,0.0,0.0,50.0,0.0,162.5,0.0,0.0,0.0,0.0,0.0,0.0,0.0,75.0,0.0,0.0,1093.75,0.0,0.0,0.0,0.0,0.0,0.0,0.0,0.0,0.0,0.0,0.0,0.0,0.0,281.25,0.0,0.0,0.0,0.0,0.0,0.0,0.0,50.0,46.90,G,EWS_ETL,group-financials-1.0,2026-05-18T12:54:13Z
GROUP_UNMAPPED_22480087,2026-01-01,GROUP_UNMAPPED_22480087,Ф1/Ф2,1459.44,0.0,0.0,0.0,0.0,0.0,0.0,0.0,0.0,0.0,0.0,0.0,0.0,0.0,0.0,0.0,0.0,0.0,1215.29,0.0,0.0,0.0,0.0,97.22,0.0,1505.0,90.3,0.0,0.0,0.0,0.0,0.0,0.0,0.0,484.23,0.0,0.0,0.0,0.0,0.0,5594.52,0.0,12162.0,0.0,0.0,0.0,0.0,0.0,0.0,0.0,0.0,5108.04,0.0,0.0,1291.29,457.33,0.0,0.0,0.0,0.0,0.0,0.0,0.0,0.0,591.84,1087.36,349.72,130.48,0.0,0.0,0.0,0.0,0.0,0.0,0.0,0.0,0.0,0.0,0.0,0.0,4741.12,0.0,0.0,12162.0,10750.0,0.0,0.0,0.0,0.0,0.0,6880.0,0.0,3870.0,0.0,0.0,0.0,0.0,0.0,0.0,0.0,0.0,0.0,0.0,0.0,0.0,0.0,1720.0,0.0,0.0,86.0,0.0,279.5,0.0,0.0,0.0,0.0,0.0,0.0,0.0,129.0,0.0,0.0,1881.25,0.0,0.0,0.0,0.0,0.0,0.0,0.0,0.0,0.0,0.0,0.0,0.0,0.0,483.75,0.0,0.0,0.0,0.0,0.0,0.0,0.0,86.0,10.89,C,EWS_ETL,group-financials-1.0,2026-05-18T12:54:13Z
GROUP_UNMAPPED_22722461,2026-01-01,GROUP_UNMAPPED_22722461,Ф1/Ф2,1671.12,0.0,0.0,0.0,0.0,0.0,0.0,0.0,0.0,0.0,0.0,0.0,0.0,0.0,0.0,0.0,0.0,0.0,1384.86,0.0,0.0,0.0,0.0,110.79,0.0,1715.0,102.9,0.0,0.0,0.0,0.0,0.0,0.0,0.0,551.8,0.0,0.0,0.0,0.0,0.0,6405.96,0.0,13926.0,0.0,0.0,0.0,0.0,0.0,0.0,0.0,0.0,5848.92,0.0,0.0,1471.47,521.15,0.0,0.0,0.0,0.0,0.0,0.0,0.0,0.0,674.42,1239.09,398.52,148.69,0.0,0.0,0.0,0.0,0.0,0.0,0.0,0.0,0.0,0.0,0.0,0.0,5428.78,0.0,0.0,13926.0,12250.0,0.0,0.0,0.0,0.0,0.0,7840.0,0.0,4410.0,0.0,0.0,0.0,0.0,0.0,0.0,0.0,0.0,0.0,0.0,0.0,0.0,0.0,1960.0,0.0,0.0,98.0,0.0,318.5,0.0,0.0,0.0,0.0,0.0,0.0,0.0,147.0,0.0,0.0,2143.75,0.0,0.0,0.0,0.0,0.0,0.0,0.0,0.0,0.0,0.0,0.0,0.0,0.0,551.25,0.0,0.0,0.0,0.0,0.0,0.0,0.0,98.0,10.89,C,EWS_ETL,group-financials-1.0,2026-05-18T12:54:13Z
GROUP_UNMAPPED_30652567,2026-01-01,GROUP_UNMAPPED_30652567,Ф1/Ф2,1565.28,0.0,0.0,0.0,0.0,0.0,0.0,0.0,0.0,0.0,0.0,0.0,0.0,0.0,0.0,0.0,0.0,0.0,1300.08,0.0,0.0,0.0,0.0,104.01,0.0,1610.0,96.6,0.0,0.0,0.0,0.0,0.0,0.0,0.0,518.02,0.0,0.0,0.0,0.0,0.0,6000.24,0.0,13044.0,0.0,0.0,0.0,0.0,0.0,0.0,0.0,0.0,5478.48,0.0,0.0,1381.38,489.24,0.0,0.0,0.0,0.0,0.0,0.0,0.0,0.0,633.13,1163.23,374.12,139.59,0.0,0.0,0.0,0.0,0.0,0.0,0.0,0.0,0.0,0.0,0.0,0.0,5084.95,0.0,0.0,13044.0,11500.0,0.0,0.0,0.0,0.0,0.0,7360.0,0.0,4140.0,0.0,0.0,0.0,0.0,0.0,0.0,0.0,0.0,0.0,0.0,0.0,0.0,0.0,1840.0,0.0,0.0,92.0,0.0,299.0,0.0,0.0,0.0,0.0,0.0,0.0,0.0,138.0,0.0,0.0,2012.5,0.0,0.0,0.0,0.0,0.0,0.0,0.0,0.0,0.0,0.0,0.0,0.0,0.0,517.5,0.0,0.0,0.0,0.0,0.0,0.0,0.0,92.0,10.89,C,EWS_ETL,group-financials-1.0,2026-05-18T12:54:13Z
GROUP_UNMAPPED_30704028,2026-01-01,GROUP_UNMAPPED_30704028,Ф1/Ф2,877.32,0.0,0.0,0.0,0.0,0.0,0.0,0.0,0.0,0.0,0.0,0.0,0.0,0.0,0.0,0.0,0.0,0.0,748.96,0.0,0.0,0.0,0.0,59.92,0.0,927.5,55.65,0.0,0.0,0.0,0.0,0.0,0.0,0.0,298.42,0.0,0.0,0.0,0.0,0.0,3363.06,0.0,7311.0,0.0,0.0,0.0,0.0,0.0,0.0,0.0,0.0,3070.62,0.0,0.0,795.79,281.84,0.0,0.0,0.0,0.0,0.0,0.0,0.0,0.0,364.74,670.12,215.53,80.41,0.0,0.0,0.0,0.0,0.0,0.0,0.0,0.0,0.0,0.0,0.0,0.0,2850.05,0.0,0.0,7311.0,6625.0,0.0,0.0,0.0,0.0,0.0,4240.0,0.0,2385.0,0.0,0.0,0.0,0.0,0.0,0.0,0.0,0.0,0.0,0.0,0.0,0.0,0.0,1060.0,0.0,0.0,53.0,0.0,172.25,0.0,0.0,0.0,0.0,0.0,0.0,0.0,79.5,0.0,0.0,1159.37,0.0,0.0,0.0,0.0,0.0,0.0,0.0,0.0,0.0,0.0,0.0,0.0,0.0,298.12,0.0,0.0,0.0,0.0,0.0,0.0,0.0,53.0,46.90,G,EWS_ETL,group-financials-1.0,2026-05-18T12:54:13Z
GROUP_UNMAPPED_30822837,2026-01-01,GROUP_UNMAPPED_30822837,Ф1/Ф2,1212.48,0.0,0.0,0.0,0.0,0.0,0.0,0.0,0.0,0.0,0.0,0.0,0.0,0.0,0.0,0.0,0.0,0.0,1017.45,0.0,0.0,0.0,0.0,81.4,0.0,1260.0,75.6,0.0,0.0,0.0,0.0,0.0,0.0,0.0,405.4,0.0,0.0,0.0,0.0,0.0,4647.84,0.0,10104.0,0.0,0.0,0.0,0.0,0.0,0.0,0.0,0.0,4243.68,0.0,0.0,1081.08,382.88,0.0,0.0,0.0,0.0,0.0,0.0,0.0,0.0,495.5,910.35,292.79,109.24,0.0,0.0,0.0,0.0,0.0,0.0,0.0,0.0,0.0,0.0,0.0,0.0,3938.85,0.0,0.0,10104.0,9000.0,0.0,0.0,0.0,0.0,0.0,5760.0,0.0,3240.0,0.0,0.0,0.0,0.0,0.0,0.0,0.0,0.0,0.0,0.0,0.0,0.0,0.0,1440.0,0.0,0.0,72.0,0.0,234.0,0.0,0.0,0.0,0.0,0.0,0.0,0.0,108.0,0.0,0.0,1575.0,0.0,0.0,0.0,0.0,0.0,0.0,0.0,0.0,0.0,0.0,0.0,0.0,0.0,405.0,0.0,0.0,0.0,0.0,0.0,0.0,0.0,72.0,10.89,C,EWS_ETL,group-financials-1.0,2026-05-18T12:54:13Z
GROUP_UNMAPPED_30976452,2026-01-01,GROUP_UNMAPPED_30976452,Ф1/Ф2,753.84,0.0,0.0,0.0,0.0,0.0,0.0,0.0,0.0,0.0,0.0,0.0,0.0,0.0,0.0,0.0,0.0,0.0,650.04,0.0,0.0,0.0,0.0,52.0,0.0,805.0,48.3,0.0,0.0,0.0,0.0,0.0,0.0,0.0,259.01,0.0,0.0,0.0,0.0,0.0,2889.72,0.0,6282.0,0.0,0.0,0.0,0.0,0.0,0.0,0.0,0.0,2638.44,0.0,0.0,690.69,244.62,0.0,0.0,0.0,0.0,0.0,0.0,0.0,0.0,316.57,581.61,187.06,69.79,0.0,0.0,0.0,0.0,0.0,0.0,0.0,0.0,0.0,0.0,0.0,0.0,2448.92,0.0,0.0,6282.0,5750.0,0.0,0.0,0.0,0.0,0.0,3680.0,0.0,2070.0,0.0,0.0,0.0,0.0,0.0,0.0,0.0,0.0,0.0,0.0,0.0,0.0,0.0,920.0,0.0,0.0,46.0,0.0,149.5,0.0,0.0,0.0,0.0,0.0,0.0,0.0,69.0,0.0,0.0,1006.25,0.0,0.0,0.0,0.0,0.0,0.0,0.0,0.0,0.0,0.0,0.0,0.0,0.0,258.75,0.0,0.0,0.0,0.0,0.0,0.0,0.0,46.0,46.90,G,EWS_ETL,group-financials-1.0,2026-05-18T12:54:13Z
GROUP_UNMAPPED_31228240,2026-01-01,GROUP_UNMAPPED_31228240,Ф1/Ф2,1900.44,0.0,0.0,0.0,0.0,0.0,0.0,0.0,0.0,0.0,0.0,0.0,0.0,0.0,0.0,0.0,0.0,0.0,1568.57,0.0,0.0,0.0,0.0,125.49,0.0,1942.5,116.55,0.0,0.0,0.0,0.0,0.0,0.0,0.0,625.0,0.0,0.0,0.0,0.0,0.0,7285.02,0.0,15837.0,0.0,0.0,0.0,0.0,0.0,0.0,0.0,0.0,6651.54,0.0,0.0,1666.67,590.28,0.0,0.0,0.0,0.0,0.0,0.0,0.0,0.0,763.89,1403.46,451.39,168.42,0.0,0.0,0.0,0.0,0.0,0.0,0.0,0.0,0.0,0.0,0.0,0.0,6173.75,0.0,0.0,15837.0,13875.0,0.0,0.0,0.0,0.0,0.0,8880.0,0.0,4995.0,0.0,0.0,0.0,0.0,0.0,0.0,0.0,0.0,0.0,0.0,0.0,0.0,0.0,2220.0,0.0,0.0,111.0,0.0,360.75,0.0,0.0,0.0,0.0,0.0,0.0,0.0,166.5,0.0,0.0,2428.13,0.0,0.0,0.0,0.0,0.0,0.0,0.0,0.0,0.0,0.0,0.0,0.0,0.0,624.38,0.0,0.0,0.0,0.0,0.0,0.0,0.0,111.0,10.89,C,EWS_ETL,group-financials-1.0,2026-05-18T12:54:13Z
GROUP_UNMAPPED_31466053,2026-01-01,GROUP_UNMAPPED_31466053,Ф1/Ф2,947.88,0.0,0.0,0.0,0.0,0.0,0.0,0.0,0.0,0.0,0.0,0.0,0.0,0.0,0.0,0.0,0.0,0.0,805.48,0.0,0.0,0.0,0.0,64.44,0.0,997.5,59.85,0.0,0.0,0.0,0.0,0.0,0.0,0.0,320.95,0.0,0.0,0.0,0.0,0.0,3633.54,0.0,7899.0,0.0,0.0,0.0,0.0,0.0,0.0,0.0,0.0,3317.58,0.0,0.0,855.85,303.12,0.0,0.0,0.0,0.0,0.0,0.0,0.0,0.0,392.27,720.69,231.79,86.48,0.0,0.0,0.0,0.0,0.0,0.0,0.0,0.0,0.0,0.0,0.0,0.0,3079.27,0.0,0.0,7899.0,7125.0,0.0,0.0,0.0,0.0,0.0,4560.0,0.0,2565.0,0.0,0.0,0.0,0.0,0.0,0.0,0.0,0.0,0.0,0.0,0.0,0.0,0.0,1140.0,0.0,0.0,57.0,0.0,185.25,0.0,0.0,0.0,0.0,0.0,0.0,0.0,85.5,0.0,0.0,1246.87,0.0,0.0,0.0,0.0,0.0,0.0,0.0,0.0,0.0,0.0,0.0,0.0,0.0,320.62,0.0,0.0,0.0,0.0,0.0,0.0,0.0,57.0,46.90,G,EWS_ETL,group-financials-1.0,2026-05-18T12:54:13Z
GROUP_UNMAPPED_31559190,2026-01-01,GROUP_UNMAPPED_31559190,Ф1/Ф2,2341.44,0.0,0.0,0.0,0.0,0.0,0.0,0.0,0.0,0.0,0.0,0.0,0.0,0.0,0.0,0.0,0.0,0.0,1921.85,0.0,0.0,0.0,0.0,153.75,0.0,2380.0,142.8,0.0,0.0,0.0,0.0,0.0,0.0,0.0,765.76,0.0,0.0,0.0,0.0,0.0,8975.52,0.0,19512.0,0.0,0.0,0.0,0.0,0.0,0.0,0.0,0.0,8195.04,0.0,0.0,2042.04,723.22,0.0,0.0,0.0,0.0,0.0,0.0,0.0,0.0,935.94,1719.55,553.05,206.35,0.0,0.0,0.0,0.0,0.0,0.0,0.0,0.0,0.0,0.0,0.0,0.0,7606.37,0.0,0.0,19512.0,17000.0,0.0,0.0,0.0,0.0,0.0,10880.0,0.0,6120.0,0.0,0.0,0.0,0.0,0.0,0.0,0.0,0.0,0.0,0.0,0.0,0.0,0.0,2720.0,0.0,0.0,136.0,0.0,442.0,0.0,0.0,0.0,0.0,0.0,0.0,0.0,204.0,0.0,0.0,2975.0,0.0,0.0,0.0,0.0,0.0,0.0,0.0,0.0,0.0,0.0,0.0,0.0,0.0,765.0,0.0,0.0,0.0,0.0,0.0,0.0,0.0,136.0,10.89,C,EWS_ETL,group-financials-1.0,2026-05-18T12:54:13Z
GROUP_UNMAPPED_31764816,2026-01-01,GROUP_UNMAPPED_31764816,Ф1/Ф2,1194.84,0.0,0.0,0.0,0.0,0.0,0.0,0.0,0.0,0.0,0.0,0.0,0.0,0.0,0.0,0.0,0.0,0.0,1003.32,0.0,0.0,0.0,0.0,80.27,0.0,1242.5,74.55,0.0,0.0,0.0,0.0,0.0,0.0,0.0,399.77,0.0,0.0,0.0,0.0,0.0,4580.22,0.0,9957.0,0.0,0.0,0.0,0.0,0.0,0.0,0.0,0.0,4181.94,0.0,0.0,1066.07,377.56,0.0,0.0,0.0,0.0,0.0,0.0,0.0,0.0,488.61,897.71,288.73,107.73,0.0,0.0,0.0,0.0,0.0,0.0,0.0,0.0,0.0,0.0,0.0,0.0,3881.54,0.0,0.0,9957.0,8875.0,0.0,0.0,0.0,0.0,0.0,5680.0,0.0,3195.0,0.0,0.0,0.0,0.0,0.0,0.0,0.0,0.0,0.0,0.0,0.0,0.0,0.0,1420.0,0.0,0.0,71.0,0.0,230.75,0.0,0.0,0.0,0.0,0.0,0.0,0.0,106.5,0.0,0.0,1553.13,0.0,0.0,0.0,0.0,0.0,0.0,0.0,0.0,0.0,0.0,0.0,0.0,0.0,399.38,0.0,0.0,0.0,0.0,0.0,0.0,0.0,71.0,10.89,C,EWS_ETL,group-financials-1.0,2026-05-18T12:54:13Z
GROUP_UNMAPPED_31893770,2026-01-01,GROUP_UNMAPPED_31893770,Ф1/Ф2,1477.08,0.0,0.0,0.0,0.0,0.0,0.0,0.0,0.0,0.0,0.0,0.0,0.0,0.0,0.0,0.0,0.0,0.0,1229.42,0.0,0.0,0.0,0.0,98.35,0.0,1522.5,91.35,0.0,0.0,0.0,0.0,0.0,0.0,0.0,489.86,0.0,0.0,0.0,0.0,0.0,5662.14,0.0,12309.0,0.0,0.0,0.0,0.0,0.0,0.0,0.0,0.0,5169.78,0.0,0.0,1306.31,462.65,0.0,0.0,0.0,0.0,0.0,0.0,0.0,0.0,598.72,1100.01,353.79,132.0,0.0,0.0,0.0,0.0,0.0,0.0,0.0,0.0,0.0,0.0,0.0,0.0,4798.42,0.0,0.0,12309.0,10875.0,0.0,0.0,0.0,0.0,0.0,6960.0,0.0,3915.0,0.0,0.0,0.0,0.0,0.0,0.0,0.0,0.0,0.0,0.0,0.0,0.0,0.0,1740.0,0.0,0.0,87.0,0.0,282.75,0.0,0.0,0.0,0.0,0.0,0.0,0.0,130.5,0.0,0.0,1903.13,0.0,0.0,0.0,0.0,0.0,0.0,0.0,0.0,0.0,0.0,0.0,0.0,0.0,489.38,0.0,0.0,0.0,0.0,0.0,0.0,0.0,87.0,10.89,C,EWS_ETL,group-financials-1.0,2026-05-18T12:54:13Z
GROUP_UNMAPPED_31980957,2026-01-01,GROUP_UNMAPPED_31980957,Ф1/Ф2,1335.96,0.0,0.0,0.0,0.0,0.0,0.0,0.0,0.0,0.0,0.0,0.0,0.0,0.0,0.0,0.0,0.0,0.0,1116.37,0.0,0.0,0.0,0.0,89.31,0.0,1382.5,82.95,0.0,0.0,0.0,0.0,0.0,0.0,0.0,444.82,0.0,0.0,0.0,0.0,0.0,5121.18,0.0,11133.0,0.0,0.0,0.0,0.0,0.0,0.0,0.0,0.0,4675.86,0.0,0.0,1186.19,420.11,0.0,0.0,0.0,0.0,0.0,0.0,0.0,0.0,543.67,998.86,321.26,119.86,0.0,0.0,0.0,0.0,0.0,0.0,0.0,0.0,0.0,0.0,0.0,0.0,4339.98,0.0,0.0,11133.0,9875.0,0.0,0.0,0.0,0.0,0.0,6320.0,0.0,3555.0,0.0,0.0,0.0,0.0,0.0,0.0,0.0,0.0,0.0,0.0,0.0,0.0,0.0,1580.0,0.0,0.0,79.0,0.0,256.75,0.0,0.0,0.0,0.0,0.0,0.0,0.0,118.5,0.0,0.0,1728.13,0.0,0.0,0.0,0.0,0.0,0.0,0.0,0.0,0.0,0.0,0.0,0.0,0.0,444.38,0.0,0.0,0.0,0.0,0.0,0.0,0.0,79.0,10.89,C,EWS_ETL,group-financials-1.0,2026-05-18T12:54:13Z
GROUP_UNMAPPED_32122069,2026-01-01,GROUP_UNMAPPED_32122069,Ф1/Ф2,1177.2,0.0,0.0,0.0,0.0,0.0,0.0,0.0,0.0,0.0,0.0,0.0,0.0,0.0,0.0,0.0,0.0,0.0,989.19,0.0,0.0,0.0,0.0,79.14,0.0,1225.0,73.5,0.0,0.0,0.0,0.0,0.0,0.0,0.0,394.14,0.0,0.0,0.0,0.0,0.0,4512.6,0.0,9810.0,0.0,0.0,0.0,0.0,0.0,0.0,0.0,0.0,4120.2,0.0,0.0,1051.05,372.25,0.0,0.0,0.0,0.0,0.0,0.0,0.0,0.0,481.73,885.06,284.66,106.21,0.0,0.0,0.0,0.0,0.0,0.0,0.0,0.0,0.0,0.0,0.0,0.0,3824.24,0.0,0.0,9810.0,8750.0,0.0,0.0,0.0,0.0,0.0,5600.0,0.0,3150.0,0.0,0.0,0.0,0.0,0.0,0.0,0.0,0.0,0.0,0.0,0.0,0.0,0.0,1400.0,0.0,0.0,70.0,0.0,227.5,0.0,0.0,0.0,0.0,0.0,0.0,0.0,105.0,0.0,0.0,1531.25,0.0,0.0,0.0,0.0,0.0,0.0,0.0,0.0,0.0,0.0,0.0,0.0,0.0,393.75,0.0,0.0,0.0,0.0,0.0,0.0,0.0,70.0,10.89,C,EWS_ETL,group-financials-1.0,2026-05-18T12:54:13Z
GROUP_UNMAPPED_32165482,2026-01-01,GROUP_UNMAPPED_32165482,Ф1/Ф2,771.48,0.0,0.0,0.0,0.0,0.0,0.0,0.0,0.0,0.0,0.0,0.0,0.0,0.0,0.0,0.0,0.0,0.0,664.17,0.0,0.0,0.0,0.0,53.13,0.0,822.5,49.35,0.0,0.0,0.0,0.0,0.0,0.0,0.0,264.64,0.0,0.0,0.0,0.0,0.0,2957.34,0.0,6429.0,0.0,0.0,0.0,0.0,0.0,0.0,0.0,0.0,2700.18,0.0,0.0,705.71,249.94,0.0,0.0,0.0,0.0,0.0,0.0,0.0,0.0,323.45,594.26,191.13,71.31,0.0,0.0,0.0,0.0,0.0,0.0,0.0,0.0,0.0,0.0,0.0,0.0,2506.22,0.0,0.0,6429.0,5875.0,0.0,0.0,0.0,0.0,0.0,3760.0,0.0,2115.0,0.0,0.0,0.0,0.0,0.0,0.0,0.0,0.0,0.0,0.0,0.0,0.0,0.0,940.0,0.0,0.0,47.0,0.0,152.75,0.0,0.0,0.0,0.0,0.0,0.0,0.0,70.5,0.0,0.0,1028.13,0.0,0.0,0.0,0.0,0.0,0.0,0.0,0.0,0.0,0.0,0.0,0.0,0.0,264.38,0.0,0.0,0.0,0.0,0.0,0.0,0.0,47.0,46.90,G,EWS_ETL,group-financials-1.0,2026-05-18T12:54:13Z
GROUP_UNMAPPED_32333962,2026-01-01,GROUP_UNMAPPED_32333962,Ф1/Ф2,2023.92,0.0,0.0,0.0,0.0,0.0,0.0,0.0,0.0,0.0,0.0,0.0,0.0,0.0,0.0,0.0,0.0,0.0,1667.49,0.0,0.0,0.0,0.0,133.4,0.0,2065.0,123.9,0.0,0.0,0.0,0.0,0.0,0.0,0.0,664.41,0.0,0.0,0.0,0.0,0.0,7758.36,0.0,16866.0,0.0,0.0,0.0,0.0,0.0,0.0,0.0,0.0,7083.72,0.0,0.0,1771.77,627.5,0.0,0.0,0.0,0.0,0.0,0.0,0.0,0.0,812.06,1491.96,479.85,179.04,0.0,0.0,0.0,0.0,0.0,0.0,0.0,0.0,0.0,0.0,0.0,0.0,6574.88,0.0,0.0,16866.0,14750.0,0.0,0.0,0.0,0.0,0.0,9440.0,0.0,5310.0,0.0,0.0,0.0,0.0,0.0,0.0,0.0,0.0,0.0,0.0,0.0,0.0,0.0,2360.0,0.0,0.0,118.0,0.0,383.5,0.0,0.0,0.0,0.0,0.0,0.0,0.0,177.0,0.0,0.0,2581.25,0.0,0.0,0.0,0.0,0.0,0.0,0.0,0.0,0.0,0.0,0.0,0.0,0.0,663.75,0.0,0.0,0.0,0.0,0.0,0.0,0.0,118.0,10.89,C,EWS_ETL,group-financials-1.0,2026-05-18T12:54:13Z
GROUP_UNMAPPED_32399340,2026-01-01,GROUP_UNMAPPED_32399340,Ф1/Ф2,1882.8,0.0,0.0,0.0,0.0,0.0,0.0,0.0,0.0,0.0,0.0,0.0,0.0,0.0,0.0,0.0,0.0,0.0,1554.44,0.0,0.0,0.0,0.0,124.36,0.0,1925.0,115.5,0.0,0.0,0.0,0.0,0.0,0.0,0.0,619.37,0.0,0.0,0.0,0.0,0.0,7217.4,0.0,15690.0,0.0,0.0,0.0,0.0,0.0,0.0,0.0,0.0,6589.8,0.0,0.0,1651.65,584.96,0.0,0.0,0.0,0.0,0.0,0.0,0.0,0.0,757.01,1390.81,447.32,166.9,0.0,0.0,0.0,0.0,0.0,0.0,0.0,0.0,0.0,0.0,0.0,0.0,6116.44,0.0,0.0,15690.0,13750.0,0.0,0.0,0.0,0.0,0.0,8800.0,0.0,4950.0,0.0,0.0,0.0,0.0,0.0,0.0,0.0,0.0,0.0,0.0,0.0,0.0,0.0,2200.0,0.0,0.0,110.0,0.0,357.5,0.0,0.0,0.0,0.0,0.0,0.0,0.0,165.0,0.0,0.0,2406.25,0.0,0.0,0.0,0.0,0.0,0.0,0.0,0.0,0.0,0.0,0.0,0.0,0.0,618.75,0.0,0.0,0.0,0.0,0.0,0.0,0.0,110.0,10.89,C,EWS_ETL,group-financials-1.0,2026-05-18T12:54:13Z
GROUP_UNMAPPED_32673400,2026-01-01,GROUP_UNMAPPED_32673400,Ф1/Ф2,859.68,0.0,0.0,0.0,0.0,0.0,0.0,0.0,0.0,0.0,0.0,0.0,0.0,0.0,0.0,0.0,0.0,0.0,734.83,0.0,0.0,0.0,0.0,58.79,0.0,910.0,54.6,0.0,0.0,0.0,0.0,0.0,0.0,0.0,292.79,0.0,0.0,0.0,0.0,0.0,3295.44,0.0,7164.0,0.0,0.0,0.0,0.0,0.0,0.0,0.0,0.0,3008.88,0.0,0.0,780.78,276.53,0.0,0.0,0.0,0.0,0.0,0.0,0.0,0.0,357.86,657.48,211.46,78.9,0.0,0.0,0.0,0.0,0.0,0.0,0.0,0.0,0.0,0.0,0.0,0.0,2792.75,0.0,0.0,7164.0,6500.0,0.0,0.0,0.0,0.0,0.0,4160.0,0.0,2340.0,0.0,0.0,0.0,0.0,0.0,0.0,0.0,0.0,0.0,0.0,0.0,0.0,0.0,1040.0,0.0,0.0,52.0,0.0,169.0,0.0,0.0,0.0,0.0,0.0,0.0,0.0,78.0,0.0,0.0,1137.5,0.0,0.0,0.0,0.0,0.0,0.0,0.0,0.0,0.0,0.0,0.0,0.0,0.0,292.5,0.0,0.0,0.0,0.0,0.0,0.0,0.0,52.0,46.90,G,EWS_ETL,group-financials-1.0,2026-05-18T12:54:13Z
GROUP_UNMAPPED_32751876,2026-01-01,GROUP_UNMAPPED_32751876,Ф1/Ф2,1300.68,0.0,0.0,0.0,0.0,0.0,0.0,0.0,0.0,0.0,0.0,0.0,0.0,0.0,0.0,0.0,0.0,0.0,1088.11,0.0,0.0,0.0,0.0,87.05,0.0,1347.5,80.85,0.0,0.0,0.0,0.0,0.0,0.0,0.0,433.56,0.0,0.0,0.0,0.0,0.0,4985.94,0.0,10839.0,0.0,0.0,0.0,0.0,0.0,0.0,0.0,0.0,4552.38,0.0,0.0,1156.15,409.47,0.0,0.0,0.0,0.0,0.0,0.0,0.0,0.0,529.9,973.57,313.12,116.83,0.0,0.0,0.0,0.0,0.0,0.0,0.0,0.0,0.0,0.0,0.0,0.0,4225.37,0.0,0.0,10839.0,9625.0,0.0,0.0,0.0,0.0,0.0,6160.0,0.0,3465.0,0.0,0.0,0.0,0.0,0.0,0.0,0.0,0.0,0.0,0.0,0.0,0.0,0.0,1540.0,0.0,0.0,77.0,0.0,250.25,0.0,0.0,0.0,0.0,0.0,0.0,0.0,115.5,0.0,0.0,1684.37,0.0,0.0,0.0,0.0,0.0,0.0,0.0,0.0,0.0,0.0,0.0,0.0,0.0,433.12,0.0,0.0,0.0,0.0,0.0,0.0,0.0,77.0,10.89,C,EWS_ETL,group-financials-1.0,2026-05-18T12:54:13Z
GROUP_UNMAPPED_32998661,2026-01-01,GROUP_UNMAPPED_32998661,Ф1/Ф2,1776.96,0.0,0.0,0.0,0.0,0.0,0.0,0.0,0.0,0.0,0.0,0.0,0.0,0.0,0.0,0.0,0.0,0.0,1469.65,0.0,0.0,0.0,0.0,117.57,0.0,1820.0,109.2,0.0,0.0,0.0,0.0,0.0,0.0,0.0,585.58,0.0,0.0,0.0,0.0,0.0,6811.68,0.0,14808.0,0.0,0.0,0.0,0.0,0.0,0.0,0.0,0.0,6219.36,0.0,0.0,1561.56,553.05,0.0,0.0,0.0,0.0,0.0,0.0,0.0,0.0,715.72,1314.95,422.92,157.79,0.0,0.0,0.0,0.0,0.0,0.0,0.0,0.0,0.0,0.0,0.0,0.0,5772.61,0.0,0.0,14808.0,13000.0,0.0,0.0,0.0,0.0,0.0,8320.0,0.0,4680.0,0.0,0.0,0.0,0.0,0.0,0.0,0.0,0.0,0.0,0.0,0.0,0.0,0.0,2080.0,0.0,0.0,104.0,0.0,338.0,0.0,0.0,0.0,0.0,0.0,0.0,0.0,156.0,0.0,0.0,2275.0,0.0,0.0,0.0,0.0,0.0,0.0,0.0,0.0,0.0,0.0,0.0,0.0,0.0,585.0,0.0,0.0,0.0,0.0,0.0,0.0,0.0,104.0,10.89,C,EWS_ETL,group-financials-1.0,2026-05-18T12:54:13Z
GROUP_UNMAPPED_33074226,2026-01-01,GROUP_UNMAPPED_33074226,Ф1/Ф2,912.6,0.0,0.0,0.0,0.0,0.0,0.0,0.0,0.0,0.0,0.0,0.0,0.0,0.0,0.0,0.0,0.0,0.0,777.22,0.0,0.0,0.0,0.0,62.18,0.0,962.5,57.75,0.0,0.0,0.0,0.0,0.0,0.0,0.0,309.68,0.0,0.0,0.0,0.0,0.0,3498.3,0.0,7605.0,0.0,0.0,0.0,0.0,0.0,0.0,0.0,0.0,3194.1,0.0,0.0,825.83,292.48,0.0,0.0,0.0,0.0,0.0,0.0,0.0,0.0,378.5,695.41,223.66,83.45,0.0,0.0,0.0,0.0,0.0,0.0,0.0,0.0,0.0,0.0,0.0,0.0,2964.66,0.0,0.0,7605.0,6875.0,0.0,0.0,0.0,0.0,0.0,4400.0,0.0,2475.0,0.0,0.0,0.0,0.0,0.0,0.0,0.0,0.0,0.0,0.0,0.0,0.0,0.0,1100.0,0.0,0.0,55.0,0.0,178.75,0.0,0.0,0.0,0.0,0.0,0.0,0.0,82.5,0.0,0.0,1203.13,0.0,0.0,0.0,0.0,0.0,0.0,0.0,0.0,0.0,0.0,0.0,0.0,0.0,309.38,0.0,0.0,0.0,0.0,0.0,0.0,0.0,55.0,46.90,G,EWS_ETL,group-financials-1.0,2026-05-18T12:54:13Z
GROUP_UNMAPPED_33658865,2026-01-01,GROUP_UNMAPPED_33658865,Ф1/Ф2,2253.24,0.0,0.0,0.0,0.0,0.0,0.0,0.0,0.0,0.0,0.0,0.0,0.0,0.0,0.0,0.0,0.0,0.0,1851.19,0.0,0.0,0.0,0.0,148.1,0.0,2292.5,137.55,0.0,0.0,0.0,0.0,0.0,0.0,0.0,737.61,0.0,0.0,0.0,0.0,0.0,8637.42,0.0,18777.0,0.0,0.0,0.0,0.0,0.0,0.0,0.0,0.0,7886.34,0.0,0.0,1966.97,696.63,0.0,0.0,0.0,0.0,0.0,0.0,0.0,0.0,901.53,1656.33,532.72,198.76,0.0,0.0,0.0,0.0,0.0,0.0,0.0,0.0,0.0,0.0,0.0,0.0,7319.85,0.0,0.0,18777.0,16375.0,0.0,0.0,0.0,0.0,0.0,10480.0,0.0,5895.0,0.0,0.0,0.0,0.0,0.0,0.0,0.0,0.0,0.0,0.0,0.0,0.0,0.0,2620.0,0.0,0.0,131.0,0.0,425.75,0.0,0.0,0.0,0.0,0.0,0.0,0.0,196.5,0.0,0.0,2865.63,0.0,0.0,0.0,0.0,0.0,0.0,0.0,0.0,0.0,0.0,0.0,0.0,0.0,736.88,0.0,0.0,0.0,0.0,0.0,0.0,0.0,131.0,10.89,C,EWS_ETL,group-financials-1.0,2026-05-18T12:54:13Z
GROUP_UNMAPPED_33929610,2026-01-01,GROUP_UNMAPPED_33929610,Ф1/Ф2,1953.36,0.0,0.0,0.0,0.0,0.0,0.0,0.0,0.0,0.0,0.0,0.0,0.0,0.0,0.0,0.0,0.0,0.0,1610.96,0.0,0.0,0.0,0.0,128.88,0.0,1995.0,119.7,0.0,0.0,0.0,0.0,0.0,0.0,0.0,641.89,0.0,0.0,0.0,0.0,0.0,7487.88,0.0,16278.0,0.0,0.0,0.0,0.0,0.0,0.0,0.0,0.0,6836.76,0.0,0.0,1711.71,606.23,0.0,0.0,0.0,0.0,0.0,0.0,0.0,0.0,784.53,1441.39,463.59,172.97,0.0,0.0,0.0,0.0,0.0,0.0,0.0,0.0,0.0,0.0,0.0,0.0,6345.66,0.0,0.0,16278.0,14250.0,0.0,0.0,0.0,0.0,0.0,9120.0,0.0,5130.0,0.0,0.0,0.0,0.0,0.0,0.0,0.0,0.0,0.0,0.0,0.0,0.0,0.0,2280.0,0.0,0.0,114.0,0.0,370.5,0.0,0.0,0.0,0.0,0.0,0.0,0.0,171.0,0.0,0.0,2493.75,0.0,0.0,0.0,0.0,0.0,0.0,0.0,0.0,0.0,0.0,0.0,0.0,0.0,641.25,0.0,0.0,0.0,0.0,0.0,0.0,0.0,114.0,10.89,C,EWS_ETL,group-financials-1.0,2026-05-18T12:54:13Z
GROUP_UNMAPPED_35251665,2026-01-01,GROUP_UNMAPPED_35251665,Ф1/Ф2,1918.08,0.0,0.0,0.0,0.0,0.0,0.0,0.0,0.0,0.0,0.0,0.0,0.0,0.0,0.0,0.0,0.0,0.0,1582.7,0.0,0.0,0.0,0.0,126.62,0.0,1960.0,117.6,0.0,0.0,0.0,0.0,0.0,0.0,0.0,630.63,0.0,0.0,0.0,0.0,0.0,7352.64,0.0,15984.0,0.0,0.0,0.0,0.0,0.0,0.0,0.0,0.0,6713.28,0.0,0.0,1681.68,595.6,0.0,0.0,0.0,0.0,0.0,0.0,0.0,0.0,770.77,1416.1,455.46,169.93,0.0,0.0,0.0,0.0,0.0,0.0,0.0,0.0,0.0,0.0,0.0,0.0,6231.05,0.0,0.0,15984.0,14000.0,0.0,0.0,0.0,0.0,0.0,8960.0,0.0,5040.0,0.0,0.0,0.0,0.0,0.0,0.0,0.0,0.0,0.0,0.0,0.0,0.0,0.0,2240.0,0.0,0.0,112.0,0.0,364.0,0.0,0.0,0.0,0.0,0.0,0.0,0.0,168.0,0.0,0.0,2450.0,0.0,0.0,0.0,0.0,0.0,0.0,0.0,0.0,0.0,0.0,0.0,0.0,0.0,630.0,0.0,0.0,0.0,0.0,0.0,0.0,0.0,112.0,10.89,C,EWS_ETL,group-financials-1.0,2026-05-18T12:54:13Z
GROUP_UNMAPPED_35495114,2026-01-01,GROUP_UNMAPPED_35495114,Ф1/Ф2,1424.16,0.0,0.0,0.0,0.0,0.0,0.0,0.0,0.0,0.0,0.0,0.0,0.0,0.0,0.0,0.0,0.0,0.0,1187.03,0.0,0.0,0.0,0.0,94.96,0.0,1470.0,88.2,0.0,0.0,0.0,0.0,0.0,0.0,0.0,472.97,0.0,0.0,0.0,0.0,0.0,5459.28,0.0,11868.0,0.0,0.0,0.0,0.0,0.0,0.0,0.0,0.0,4984.56,0.0,0.0,1261.26,446.7,0.0,0.0,0.0,0.0,0.0,0.0,0.0,0.0,578.08,1062.08,341.59,127.45,0.0,0.0,0.0,0.0,0.0,0.0,0.0,0.0,0.0,0.0,0.0,0.0,4626.51,0.0,0.0,11868.0,10500.0,0.0,0.0,0.0,0.0,0.0,6720.0,0.0,3780.0,0.0,0.0,0.0,0.0,0.0,0.0,0.0,0.0,0.0,0.0,0.0,0.0,0.0,1680.0,0.0,0.0,84.0,0.0,273.0,0.0,0.0,0.0,0.0,0.0,0.0,0.0,126.0,0.0,0.0,1837.5,0.0,0.0,0.0,0.0,0.0,0.0,0.0,0.0,0.0,0.0,0.0,0.0,0.0,472.5,0.0,0.0,0.0,0.0,0.0,0.0,0.0,84.0,10.89,C,EWS_ETL,group-financials-1.0,2026-05-18T12:54:13Z
GROUP_UNMAPPED_35672132,2026-01-01,GROUP_UNMAPPED_35672132,Ф1/Ф2,1829.88,0.0,0.0,0.0,0.0,0.0,0.0,0.0,0.0,0.0,0.0,0.0,0.0,0.0,0.0,0.0,0.0,0.0,1512.04,0.0,0.0,0.0,0.0,120.96,0.0,1872.5,112.35,0.0,0.0,0.0,0.0,0.0,0.0,0.0,602.48,0.0,0.0,0.0,0.0,0.0,7014.54,0.0,15249.0,0.0,0.0,0.0,0.0,0.0,0.0,0.0,0.0,6404.58,0.0,0.0,1606.61,569.01,0.0,0.0,0.0,0.0,0.0,0.0,0.0,0.0,736.36,1352.88,435.12,162.35,0.0,0.0,0.0,0.0,0.0,0.0,0.0,0.0,0.0,0.0,0.0,0.0,5944.53,0.0,0.0,15249.0,13375.0,0.0,0.0,0.0,0.0,0.0,8560.0,0.0,4815.0,0.0,0.0,0.0,0.0,0.0,0.0,0.0,0.0,0.0,0.0,0.0,0.0,0.0,2140.0,0.0,0.0,107.0,0.0,347.75,0.0,0.0,0.0,0.0,0.0,0.0,0.0,160.5,0.0,0.0,2340.63,0.0,0.0,0.0,0.0,0.0,0.0,0.0,0.0,0.0,0.0,0.0,0.0,0.0,601.88,0.0,0.0,0.0,0.0,0.0,0.0,0.0,107.0,10.89,C,EWS_ETL,group-financials-1.0,2026-05-18T12:54:13Z
GROUP_UNMAPPED_35720615,2026-01-01,GROUP_UNMAPPED_35720615,Ф1/Ф2,1865.16,0.0,0.0,0.0,0.0,0.0,0.0,0.0,0.0,0.0,0.0,0.0,0.0,0.0,0.0,0.0,0.0,0.0,1540.31,0.0,0.0,0.0,0.0,123.22,0.0,1907.5,114.45,0.0,0.0,0.0,0.0,0.0,0.0,0.0,613.74,0.0,0.0,0.0,0.0,0.0,7149.78,0.0,15543.0,0.0,0.0,0.0,0.0,0.0,0.0,0.0,0.0,6528.06,0.0,0.0,1636.63,579.64,0.0,0.0,0.0,0.0,0.0,0.0,0.0,0.0,750.12,1378.17,443.25,165.38,0.0,0.0,0.0,0.0,0.0,0.0,0.0,0.0,0.0,0.0,0.0,0.0,6059.14,0.0,0.0,15543.0,13625.0,0.0,0.0,0.0,0.0,0.0,8720.0,0.0,4905.0,0.0,0.0,0.0,0.0,0.0,0.0,0.0,0.0,0.0,0.0,0.0,0.0,0.0,2180.0,0.0,0.0,109.0,0.0,354.25,0.0,0.0,0.0,0.0,0.0,0.0,0.0,163.5,0.0,0.0,2384.37,0.0,0.0,0.0,0.0,0.0,0.0,0.0,0.0,0.0,0.0,0.0,0.0,0.0,613.12,0.0,0.0,0.0,0.0,0.0,0.0,0.0,109.0,10.89,C,EWS_ETL,group-financials-1.0,2026-05-18T12:54:13Z
GROUP_UNMAPPED_35863179,2026-01-01,GROUP_UNMAPPED_35863179,Ф1/Ф2,1547.64,0.0,0.0,0.0,0.0,0.0,0.0,0.0,0.0,0.0,0.0,0.0,0.0,0.0,0.0,0.0,0.0,0.0,1285.94,0.0,0.0,0.0,0.0,102.88,0.0,1592.5,95.55,0.0,0.0,0.0,0.0,0.0,0.0,0.0,512.39,0.0,0.0,0.0,0.0,0.0,5932.62,0.0,12897.0,0.0,0.0,0.0,0.0,0.0,0.0,0.0,0.0,5416.74,0.0,0.0,1366.37,483.92,0.0,0.0,0.0,0.0,0.0,0.0,0.0,0.0,626.25,1150.58,370.06,138.07,0.0,0.0,0.0,0.0,0.0,0.0,0.0,0.0,0.0,0.0,0.0,0.0,5027.64,0.0,0.0,12897.0,11375.0,0.0,0.0,0.0,0.0,0.0,7280.0,0.0,4095.0,0.0,0.0,0.0,0.0,0.0,0.0,0.0,0.0,0.0,0.0,0.0,0.0,0.0,1820.0,0.0,0.0,91.0,0.0,295.75,0.0,0.0,0.0,0.0,0.0,0.0,0.0,136.5,0.0,0.0,1990.63,0.0,0.0,0.0,0.0,0.0,0.0,0.0,0.0,0.0,0.0,0.0,0.0,0.0,511.88,0.0,0.0,0.0,0.0,0.0,0.0,0.0,91.0,10.89,C,EWS_ETL,group-financials-1.0,2026-05-18T12:54:13Z
GROUP_UNMAPPED_36866563,2026-01-01,GROUP_UNMAPPED_36866563,Ф1/Ф2,2076.84,0.0,0.0,0.0,0.0,0.0,0.0,0.0,0.0,0.0,0.0,0.0,0.0,0.0,0.0,0.0,0.0,0.0,1709.88,0.0,0.0,0.0,0.0,136.79,0.0,2117.5,127.05,0.0,0.0,0.0,0.0,0.0,0.0,0.0,681.31,0.0,0.0,0.0,0.0,0.0,7961.22,0.0,17307.0,0.0,0.0,0.0,0.0,0.0,0.0,0.0,0.0,7268.94,0.0,0.0,1816.81,643.46,0.0,0.0,0.0,0.0,0.0,0.0,0.0,0.0,832.71,1529.89,492.05,183.59,0.0,0.0,0.0,0.0,0.0,0.0,0.0,0.0,0.0,0.0,0.0,0.0,6746.8,0.0,0.0,17307.0,15125.0,0.0,0.0,0.0,0.0,0.0,9680.0,0.0,5445.0,0.0,0.0,0.0,0.0,0.0,0.0,0.0,0.0,0.0,0.0,0.0,0.0,0.0,2420.0,0.0,0.0,121.0,0.0,393.25,0.0,0.0,0.0,0.0,0.0,0.0,0.0,181.5,0.0,0.0,2646.87,0.0,0.0,0.0,0.0,0.0,0.0,0.0,0.0,0.0,0.0,0.0,0.0,0.0,680.62,0.0,0.0,0.0,0.0,0.0,0.0,0.0,121.0,10.89,C,EWS_ETL,group-financials-1.0,2026-05-18T12:54:13Z
GROUP_UNMAPPED_36867724,2026-01-01,GROUP_UNMAPPED_36867724,Ф1/Ф2,965.52,0.0,0.0,0.0,0.0,0.0,0.0,0.0,0.0,0.0,0.0,0.0,0.0,0.0,0.0,0.0,0.0,0.0,819.61,0.0,0.0,0.0,0.0,65.57,0.0,1015.0,60.9,0.0,0.0,0.0,0.0,0.0,0.0,0.0,326.58,0.0,0.0,0.0,0.0,0.0,3701.16,0.0,8046.0,0.0,0.0,0.0,0.0,0.0,0.0,0.0,0.0,3379.32,0.0,0.0,870.87,308.43,0.0,0.0,0.0,0.0,0.0,0.0,0.0,0.0,399.15,733.34,235.86,88.0,0.0,0.0,0.0,0.0,0.0,0.0,0.0,0.0,0.0,0.0,0.0,0.0,3136.58,0.0,0.0,8046.0,7250.0,0.0,0.0,0.0,0.0,0.0,4640.0,0.0,2610.0,0.0,0.0,0.0,0.0,0.0,0.0,0.0,0.0,0.0,0.0,0.0,0.0,0.0,1160.0,0.0,0.0,58.0,0.0,188.5,0.0,0.0,0.0,0.0,0.0,0.0,0.0,87.0,0.0,0.0,1268.75,0.0,0.0,0.0,0.0,0.0,0.0,0.0,0.0,0.0,0.0,0.0,0.0,0.0,326.25,0.0,0.0,0.0,0.0,0.0,0.0,0.0,58.0,46.90,G,EWS_ETL,group-financials-1.0,2026-05-18T12:54:13Z
GROUP_UNMAPPED_37037544,2026-01-01,GROUP_UNMAPPED_37037544,Ф1/Ф2,1141.92,0.0,0.0,0.0,0.0,0.0,0.0,0.0,0.0,0.0,0.0,0.0,0.0,0.0,0.0,0.0,0.0,0.0,960.92,0.0,0.0,0.0,0.0,76.87,0.0,1190.0,71.4,0.0,0.0,0.0,0.0,0.0,0.0,0.0,382.88,0.0,0.0,0.0,0.0,0.0,4377.36,0.0,9516.0,0.0,0.0,0.0,0.0,0.0,0.0,0.0,0.0,3996.72,0.0,0.0,1021.02,361.61,0.0,0.0,0.0,0.0,0.0,0.0,0.0,0.0,467.97,859.78,276.53,103.17,0.0,0.0,0.0,0.0,0.0,0.0,0.0,0.0,0.0,0.0,0.0,0.0,3709.63,0.0,0.0,9516.0,8500.0,0.0,0.0,0.0,0.0,0.0,5440.0,0.0,3060.0,0.0,0.0,0.0,0.0,0.0,0.0,0.0,0.0,0.0,0.0,0.0,0.0,0.0,1360.0,0.0,0.0,68.0,0.0,221.0,0.0,0.0,0.0,0.0,0.0,0.0,0.0,102.0,0.0,0.0,1487.5,0.0,0.0,0.0,0.0,0.0,0.0,0.0,0.0,0.0,0.0,0.0,0.0,0.0,382.5,0.0,0.0,0.0,0.0,0.0,0.0,0.0,68.0,10.89,C,EWS_ETL,group-financials-1.0,2026-05-18T12:54:13Z
GROUP_UNMAPPED_37129163,2026-01-01,GROUP_UNMAPPED_37129163,Ф1/Ф2,683.28,0.0,0.0,0.0,0.0,0.0,0.0,0.0,0.0,0.0,0.0,0.0,0.0,0.0,0.0,0.0,0.0,0.0,593.51,0.0,0.0,0.0,0.0,47.48,0.0,735.0,44.1,0.0,0.0,0.0,0.0,0.0,0.0,0.0,236.49,0.0,0.0,0.0,0.0,0.0,2619.24,0.0,5694.0,0.0,0.0,0.0,0.0,0.0,0.0,0.0,0.0,2391.48,0.0,0.0,630.63,223.35,0.0,0.0,0.0,0.0,0.0,0.0,0.0,0.0,289.04,531.04,170.8,63.72,0.0,0.0,0.0,0.0,0.0,0.0,0.0,0.0,0.0,0.0,0.0,0.0,2219.69,0.0,0.0,5694.0,5250.0,0.0,0.0,0.0,0.0,0.0,3360.0,0.0,1890.0,0.0,0.0,0.0,0.0,0.0,0.0,0.0,0.0,0.0,0.0,0.0,0.0,0.0,840.0,0.0,0.0,42.0,0.0,136.5,0.0,0.0,0.0,0.0,0.0,0.0,0.0,63.0,0.0,0.0,918.75,0.0,0.0,0.0,0.0,0.0,0.0,0.0,0.0,0.0,0.0,0.0,0.0,0.0,236.25,0.0,0.0,0.0,0.0,0.0,0.0,0.0,42.0,46.90,G,EWS_ETL,group-financials-1.0,2026-05-18T12:54:13Z
GROUP_UNMAPPED_37197929,2026-01-01,GROUP_UNMAPPED_37197929,Ф1/Ф2,1600.56,0.0,0.0,0.0,0.0,0.0,0.0,0.0,0.0,0.0,0.0,0.0,0.0,0.0,0.0,0.0,0.0,0.0,1328.34,0.0,0.0,0.0,0.0,106.27,0.0,1645.0,98.7,0.0,0.0,0.0,0.0,0.0,0.0,0.0,529.28,0.0,0.0,0.0,0.0,0.0,6135.48,0.0,13338.0,0.0,0.0,0.0,0.0,0.0,0.0,0.0,0.0,5601.96,0.0,0.0,1411.41,499.87,0.0,0.0,0.0,0.0,0.0,0.0,0.0,0.0,646.9,1188.51,382.26,142.62,0.0,0.0,0.0,0.0,0.0,0.0,0.0,0.0,0.0,0.0,0.0,0.0,5199.56,0.0,0.0,13338.0,11750.0,0.0,0.0,0.0,0.0,0.0,7520.0,0.0,4230.0,0.0,0.0,0.0,0.0,0.0,0.0,0.0,0.0,0.0,0.0,0.0,0.0,0.0,1880.0,0.0,0.0,94.0,0.0,305.5,0.0,0.0,0.0,0.0,0.0,0.0,0.0,141.0,0.0,0.0,2056.25,0.0,0.0,0.0,0.0,0.0,0.0,0.0,0.0,0.0,0.0,0.0,0.0,0.0,528.75,0.0,0.0,0.0,0.0,0.0,0.0,0.0,94.0,10.89,C,EWS_ETL,group-financials-1.0,2026-05-18T12:54:13Z
GROUP_UNMAPPED_37278720,2026-01-01,GROUP_UNMAPPED_37278720,Ф1/Ф2,983.16,0.0,0.0,0.0,0.0,0.0,0.0,0.0,0.0,0.0,0.0,0.0,0.0,0.0,0.0,0.0,0.0,0.0,833.74,0.0,0.0,0.0,0.0,66.7,0.0,1032.5,61.95,0.0,0.0,0.0,0.0,0.0,0.0,0.0,332.21,0.0,0.0,0.0,0.0,0.0,3768.78,0.0,8193.0,0.0,0.0,0.0,0.0,0.0,0.0,0.0,0.0,3441.06,0.0,0.0,885.89,313.75,0.0,0.0,0.0,0.0,0.0,0.0,0.0,0.0,406.03,745.98,239.93,89.52,0.0,0.0,0.0,0.0,0.0,0.0,0.0,0.0,0.0,0.0,0.0,0.0,3193.88,0.0,0.0,8193.0,7375.0,0.0,0.0,0.0,0.0,0.0,4720.0,0.0,2655.0,0.0,0.0,0.0,0.0,0.0,0.0,0.0,0.0,0.0,0.0,0.0,0.0,0.0,1180.0,0.0,0.0,59.0,0.0,191.75,0.0,0.0,0.0,0.0,0.0,0.0,0.0,88.5,0.0,0.0,1290.63,0.0,0.0,0.0,0.0,0.0,0.0,0.0,0.0,0.0,0.0,0.0,0.0,0.0,331.88,0.0,0.0,0.0,0.0,0.0,0.0,0.0,59.0,46.90,G,EWS_ETL,group-financials-1.0,2026-05-18T12:54:13Z
GROUP_UNMAPPED_37351098,2026-01-01,GROUP_UNMAPPED_37351098,Ф1/Ф2,1759.32,0.0,0.0,0.0,0.0,0.0,0.0,0.0,0.0,0.0,0.0,0.0,0.0,0.0,0.0,0.0,0.0,0.0,1455.52,0.0,0.0,0.0,0.0,116.44,0.0,1802.5,108.15,0.0,0.0,0.0,0.0,0.0,0.0,0.0,579.95,0.0,0.0,0.0,0.0,0.0,6744.06,0.0,14661.0,0.0,0.0,0.0,0.0,0.0,0.0,0.0,0.0,6157.62,0.0,0.0,1546.55,547.73,0.0,0.0,0.0,0.0,0.0,0.0,0.0,0.0,708.83,1302.31,418.86,156.28,0.0,0.0,0.0,0.0,0.0,0.0,0.0,0.0,0.0,0.0,0.0,0.0,5715.31,0.0,0.0,14661.0,12875.0,0.0,0.0,0.0,0.0,0.0,8240.0,0.0,4635.0,0.0,0.0,0.0,0.0,0.0,0.0,0.0,0.0,0.0,0.0,0.0,0.0,0.0,2060.0,0.0,0.0,103.0,0.0,334.75,0.0,0.0,0.0,0.0,0.0,0.0,0.0,154.5,0.0,0.0,2253.13,0.0,0.0,0.0,0.0,0.0,0.0,0.0,0.0,0.0,0.0,0.0,0.0,0.0,579.38,0.0,0.0,0.0,0.0,0.0,0.0,0.0,103.0,10.89,C,EWS_ETL,group-financials-1.0,2026-05-18T12:54:13Z
GROUP_UNMAPPED_37412312,2026-01-01,GROUP_UNMAPPED_37412312,Ф1/Ф2,1653.48,0.0,0.0,0.0,0.0,0.0,0.0,0.0,0.0,0.0,0.0,0.0,0.0,0.0,0.0,0.0,0.0,0.0,1370.73,0.0,0.0,0.0,0.0,109.66,0.0,1697.5,101.85,0.0,0.0,0.0,0.0,0.0,0.0,0.0,546.17,0.0,0.0,0.0,0.0,0.0,6338.34,0.0,13779.0,0.0,0.0,0.0,0.0,0.0,0.0,0.0,0.0,5787.18,0.0,0.0,1456.45,515.83,0.0,0.0,0.0,0.0,0.0,0.0,0.0,0.0,667.54,1226.44,394.46,147.17,0.0,0.0,0.0,0.0,0.0,0.0,0.0,0.0,0.0,0.0,0.0,0.0,5371.47,0.0,0.0,13779.0,12125.0,0.0,0.0,0.0,0.0,0.0,7760.0,0.0,4365.0,0.0,0.0,0.0,0.0,0.0,0.0,0.0,0.0,0.0,0.0,0.0,0.0,0.0,1940.0,0.0,0.0,97.0,0.0,315.25,0.0,0.0,0.0,0.0,0.0,0.0,0.0,145.5,0.0,0.0,2121.87,0.0,0.0,0.0,0.0,0.0,0.0,0.0,0.0,0.0,0.0,0.0,0.0,0.0,545.62,0.0,0.0,0.0,0.0,0.0,0.0,0.0,97.0,10.89,C,EWS_ETL,group-financials-1.0,2026-05-18T12:54:13Z
GROUP_UNMAPPED_37893933,2026-01-01,GROUP_UNMAPPED_37893933,Ф1/Ф2,1618.2,0.0,0.0,0.0,0.0,0.0,0.0,0.0,0.0,0.0,0.0,0.0,0.0,0.0,0.0,0.0,0.0,0.0,1342.47,0.0,0.0,0.0,0.0,107.4,0.0,1662.5,99.75,0.0,0.0,0.0,0.0,0.0,0.0,0.0,534.91,0.0,0.0,0.0,0.0,0.0,6203.1,0.0,13485.0,0.0,0.0,0.0,0.0,0.0,0.0,0.0,0.0,5663.7,0.0,0.0,1426.43,505.19,0.0,0.0,0.0,0.0,0.0,0.0,0.0,0.0,653.78,1201.16,386.32,144.14,0.0,0.0,0.0,0.0,0.0,0.0,0.0,0.0,0.0,0.0,0.0,0.0,5256.86,0.0,0.0,13485.0,11875.0,0.0,0.0,0.0,0.0,0.0,7600.0,0.0,4275.0,0.0,0.0,0.0,0.0,0.0,0.0,0.0,0.0,0.0,0.0,0.0,0.0,0.0,1900.0,0.0,0.0,95.0,0.0,308.75,0.0,0.0,0.0,0.0,0.0,0.0,0.0,142.5,0.0,0.0,2078.13,0.0,0.0,0.0,0.0,0.0,0.0,0.0,0.0,0.0,0.0,0.0,0.0,0.0,534.38,0.0,0.0,0.0,0.0,0.0,0.0,0.0,95.0,10.89,C,EWS_ETL,group-financials-1.0,2026-05-18T12:54:13Z
GROUP_UNMAPPED_37971230,2026-01-01,GROUP_UNMAPPED_37971230,Ф1/Ф2,2323.8,0.0,0.0,0.0,0.0,0.0,0.0,0.0,0.0,0.0,0.0,0.0,0.0,0.0,0.0,0.0,0.0,0.0,1907.72,0.0,0.0,0.0,0.0,152.62,0.0,2362.5,141.75,0.0,0.0,0.0,0.0,0.0,0.0,0.0,760.13,0.0,0.0,0.0,0.0,0.0,8907.9,0.0,19365.0,0.0,0.0,0.0,0.0,0.0,0.0,0.0,0.0,8133.3,0.0,0.0,2027.03,717.9,0.0,0.0,0.0,0.0,0.0,0.0,0.0,0.0,929.05,1706.91,548.99,204.83,0.0,0.0,0.0,0.0,0.0,0.0,0.0,0.0,0.0,0.0,0.0,0.0,7549.07,0.0,0.0,19365.0,16875.0,0.0,0.0,0.0,0.0,0.0,10800.0,0.0,6075.0,0.0,0.0,0.0,0.0,0.0,0.0,0.0,0.0,0.0,0.0,0.0,0.0,0.0,2700.0,0.0,0.0,135.0,0.0,438.75,0.0,0.0,0.0,0.0,0.0,0.0,0.0,202.5,0.0,0.0,2953.13,0.0,0.0,0.0,0.0,0.0,0.0,0.0,0.0,0.0,0.0,0.0,0.0,0.0,759.38,0.0,0.0,0.0,0.0,0.0,0.0,0.0,135.0,10.89,C,EWS_ETL,group-financials-1.0,2026-05-18T12:54:13Z
GROUP_UNMAPPED_38013278,2026-01-01,GROUP_UNMAPPED_38013278,Ф1/Ф2,2217.96,0.0,0.0,0.0,0.0,0.0,0.0,0.0,0.0,0.0,0.0,0.0,0.0,0.0,0.0,0.0,0.0,0.0,1822.93,0.0,0.0,0.0,0.0,145.83,0.0,2257.5,135.45,0.0,0.0,0.0,0.0,0.0,0.0,0.0,726.35,0.0,0.0,0.0,0.0,0.0,8502.18,0.0,18483.0,0.0,0.0,0.0,0.0,0.0,0.0,0.0,0.0,7762.86,0.0,0.0,1936.93,686.0,0.0,0.0,0.0,0.0,0.0,0.0,0.0,0.0,887.76,1631.04,524.59,195.72,0.0,0.0,0.0,0.0,0.0,0.0,0.0,0.0,0.0,0.0,0.0,0.0,7205.24,0.0,0.0,18483.0,16125.0,0.0,0.0,0.0,0.0,0.0,10320.0,0.0,5805.0,0.0,0.0,0.0,0.0,0.0,0.0,0.0,0.0,0.0,0.0,0.0,0.0,0.0,2580.0,0.0,0.0,129.0,0.0,419.25,0.0,0.0,0.0,0.0,0.0,0.0,0.0,193.5,0.0,0.0,2821.87,0.0,0.0,0.0,0.0,0.0,0.0,0.0,0.0,0.0,0.0,0.0,0.0,0.0,725.62,0.0,0.0,0.0,0.0,0.0,0.0,0.0,129.0,10.89,C,EWS_ETL,group-financials-1.0,2026-05-18T12:54:13Z
GROUP_UNMAPPED_38092323,2026-01-01,GROUP_UNMAPPED_38092323,Ф1/Ф2,1935.72,0.0,0.0,0.0,0.0,0.0,0.0,0.0,0.0,0.0,0.0,0.0,0.0,0.0,0.0,0.0,0.0,0.0,1596.83,0.0,0.0,0.0,0.0,127.75,0.0,1977.5,118.65,0.0,0.0,0.0,0.0,0.0,0.0,0.0,636.26,0.0,0.0,0.0,0.0,0.0,7420.26,0.0,16131.0,0.0,0.0,0.0,0.0,0.0,0.0,0.0,0.0,6775.02,0.0,0.0,1696.69,600.91,0.0,0.0,0.0,0.0,0.0,0.0,0.0,0.0,777.65,1428.74,459.52,171.45,0.0,0.0,0.0,0.0,0.0,0.0,0.0,0.0,0.0,0.0,0.0,0.0,6288.36,0.0,0.0,16131.0,14125.0,0.0,0.0,0.0,0.0,0.0,9040.0,0.0,5085.0,0.0,0.0,0.0,0.0,0.0,0.0,0.0,0.0,0.0,0.0,0.0,0.0,0.0,2260.0,0.0,0.0,113.0,0.0,367.25,0.0,0.0,0.0,0.0,0.0,0.0,0.0,169.5,0.0,0.0,2471.87,0.0,0.0,0.0,0.0,0.0,0.0,0.0,0.0,0.0,0.0,0.0,0.0,0.0,635.62,0.0,0.0,0.0,0.0,0.0,0.0,0.0,113.0,10.89,C,EWS_ETL,group-financials-1.0,2026-05-18T12:54:13Z
GROUP_UNMAPPED_38305367,2026-01-01,GROUP_UNMAPPED_38305367,Ф1/Ф2,1159.56,0.0,0.0,0.0,0.0,0.0,0.0,0.0,0.0,0.0,0.0,0.0,0.0,0.0,0.0,0.0,0.0,0.0,975.06,0.0,0.0,0.0,0.0,78.0,0.0,1207.5,72.45,0.0,0.0,0.0,0.0,0.0,0.0,0.0,388.51,0.0,0.0,0.0,0.0,0.0,4444.98,0.0,9663.0,0.0,0.0,0.0,0.0,0.0,0.0,0.0,0.0,4058.46,0.0,0.0,1036.03,366.93,0.0,0.0,0.0,0.0,0.0,0.0,0.0,0.0,474.85,872.42,280.59,104.69,0.0,0.0,0.0,0.0,0.0,0.0,0.0,0.0,0.0,0.0,0.0,0.0,3766.93,0.0,0.0,9663.0,8625.0,0.0,0.0,0.0,0.0,0.0,5520.0,0.0,3105.0,0.0,0.0,0.0,0.0,0.0,0.0,0.0,0.0,0.0,0.0,0.0,0.0,0.0,1380.0,0.0,0.0,69.0,0.0,224.25,0.0,0.0,0.0,0.0,0.0,0.0,0.0,103.5,0.0,0.0,1509.37,0.0,0.0,0.0,0.0,0.0,0.0,0.0,0.0,0.0,0.0,0.0,0.0,0.0,388.12,0.0,0.0,0.0,0.0,0.0,0.0,0.0,69.0,10.89,C,EWS_ETL,group-financials-1.0,2026-05-18T12:54:13Z
GROUP_UNMAPPED_38737616,2026-01-01,GROUP_UNMAPPED_38737616,Ф1/Ф2,2270.88,0.0,0.0,0.0,0.0,0.0,0.0,0.0,0.0,0.0,0.0,0.0,0.0,0.0,0.0,0.0,0.0,0.0,1865.33,0.0,0.0,0.0,0.0,149.23,0.0,2310.0,138.6,0.0,0.0,0.0,0.0,0.0,0.0,0.0,743.24,0.0,0.0,0.0,0.0,0.0,8705.04,0.0,18924.0,0.0,0.0,0.0,0.0,0.0,0.0,0.0,0.0,7948.08,0.0,0.0,1981.98,701.95,0.0,0.0,0.0,0.0,0.0,0.0,0.0,0.0,908.41,1668.98,536.79,200.28,0.0,0.0,0.0,0.0,0.0,0.0,0.0,0.0,0.0,0.0,0.0,0.0,7377.15,0.0,0.0,18924.0,16500.0,0.0,0.0,0.0,0.0,0.0,10560.0,0.0,5940.0,0.0,0.0,0.0,0.0,0.0,0.0,0.0,0.0,0.0,0.0,0.0,0.0,0.0,2640.0,0.0,0.0,132.0,0.0,429.0,0.0,0.0,0.0,0.0,0.0,0.0,0.0,198.0,0.0,0.0,2887.5,0.0,0.0,0.0,0.0,0.0,0.0,0.0,0.0,0.0,0.0,0.0,0.0,0.0,742.5,0.0,0.0,0.0,0.0,0.0,0.0,0.0,132.0,10.89,C,EWS_ETL,group-financials-1.0,2026-05-18T12:54:13Z
GROUP_UNMAPPED_38897719,2026-01-01,GROUP_UNMAPPED_38897719,Ф1/Ф2,2112.12,0.0,0.0,0.0,0.0,0.0,0.0,0.0,0.0,0.0,0.0,0.0,0.0,0.0,0.0,0.0,0.0,0.0,1738.14,0.0,0.0,0.0,0.0,139.05,0.0,2152.5,129.15,0.0,0.0,0.0,0.0,0.0,0.0,0.0,692.57,0.0,0.0,0.0,0.0,0.0,8096.46,0.0,17601.0,0.0,0.0,0.0,0.0,0.0,0.0,0.0,0.0,7392.42,0.0,0.0,1846.85,654.09,0.0,0.0,0.0,0.0,0.0,0.0,0.0,0.0,846.47,1555.18,500.19,186.62,0.0,0.0,0.0,0.0,0.0,0.0,0.0,0.0,0.0,0.0,0.0,0.0,6861.41,0.0,0.0,17601.0,15375.0,0.0,0.0,0.0,0.0,0.0,9840.0,0.0,5535.0,0.0,0.0,0.0,0.0,0.0,0.0,0.0,0.0,0.0,0.0,0.0,0.0,0.0,2460.0,0.0,0.0,123.0,0.0,399.75,0.0,0.0,0.0,0.0,0.0,0.0,0.0,184.5,0.0,0.0,2690.63,0.0,0.0,0.0,0.0,0.0,0.0,0.0,0.0,0.0,0.0,0.0,0.0,0.0,691.88,0.0,0.0,0.0,0.0,0.0,0.0,0.0,123.0,10.89,C,EWS_ETL,group-financials-1.0,2026-05-18T12:54:13Z
GROUP_UNMAPPED_39215751,2026-01-01,GROUP_UNMAPPED_39215751,Ф1/Ф2,1512.36,0.0,0.0,0.0,0.0,0.0,0.0,0.0,0.0,0.0,0.0,0.0,0.0,0.0,0.0,0.0,0.0,0.0,1257.68,0.0,0.0,0.0,0.0,100.61,0.0,1557.5,93.45,0.0,0.0,0.0,0.0,0.0,0.0,0.0,501.13,0.0,0.0,0.0,0.0,0.0,5797.38,0.0,12603.0,0.0,0.0,0.0,0.0,0.0,0.0,0.0,0.0,5293.26,0.0,0.0,1336.33,473.29,0.0,0.0,0.0,0.0,0.0,0.0,0.0,0.0,612.49,1125.29,361.92,135.03,0.0,0.0,0.0,0.0,0.0,0.0,0.0,0.0,0.0,0.0,0.0,0.0,4913.03,0.0,0.0,12603.0,11125.0,0.0,0.0,0.0,0.0,0.0,7120.0,0.0,4005.0,0.0,0.0,0.0,0.0,0.0,0.0,0.0,0.0,0.0,0.0,0.0,0.0,0.0,1780.0,0.0,0.0,89.0,0.0,289.25,0.0,0.0,0.0,0.0,0.0,0.0,0.0,133.5,0.0,0.0,1946.87,0.0,0.0,0.0,0.0,0.0,0.0,0.0,0.0,0.0,0.0,0.0,0.0,0.0,500.62,0.0,0.0,0.0,0.0,0.0,0.0,0.0,89.0,10.89,C,EWS_ETL,group-financials-1.0,2026-05-18T12:54:13Z
GROUP_UNMAPPED_39237508,2026-01-01,GROUP_UNMAPPED_39237508,Ф1/Ф2,2165.04,0.0,0.0,0.0,0.0,0.0,0.0,0.0,0.0,0.0,0.0,0.0,0.0,0.0,0.0,0.0,0.0,0.0,1780.54,0.0,0.0,0.0,0.0,142.44,0.0,2205.0,132.3,0.0,0.0,0.0,0.0,0.0,0.0,0.0,709.46,0.0,0.0,0.0,0.0,0.0,8299.32,0.0,18042.0,0.0,0.0,0.0,0.0,0.0,0.0,0.0,0.0,7577.64,0.0,0.0,1891.89,670.04,0.0,0.0,0.0,0.0,0.0,0.0,0.0,0.0,867.12,1593.11,512.39,191.17,0.0,0.0,0.0,0.0,0.0,0.0,0.0,0.0,0.0,0.0,0.0,0.0,7033.32,0.0,0.0,18042.0,15750.0,0.0,0.0,0.0,0.0,0.0,10080.0,0.0,5670.0,0.0,0.0,0.0,0.0,0.0,0.0,0.0,0.0,0.0,0.0,0.0,0.0,0.0,2520.0,0.0,0.0,126.0,0.0,409.5,0.0,0.0,0.0,0.0,0.0,0.0,0.0,189.0,0.0,0.0,2756.25,0.0,0.0,0.0,0.0,0.0,0.0,0.0,0.0,0.0,0.0,0.0,0.0,0.0,708.75,0.0,0.0,0.0,0.0,0.0,0.0,0.0,126.0,10.89,C,EWS_ETL,group-financials-1.0,2026-05-18T12:54:13Z
GROUP_UNMAPPED_39387655,2026-01-01,GROUP_UNMAPPED_39387655,Ф1/Ф2,1988.64,0.0,0.0,0.0,0.0,0.0,0.0,0.0,0.0,0.0,0.0,0.0,0.0,0.0,0.0,0.0,0.0,0.0,1639.22,0.0,0.0,0.0,0.0,131.14,0.0,2030.0,121.8,0.0,0.0,0.0,0.0,0.0,0.0,0.0,653.15,0.0,0.0,0.0,0.0,0.0,7623.12,0.0,16572.0,0.0,0.0,0.0,0.0,0.0,0.0,0.0,0.0,6960.24,0.0,0.0,1741.74,616.87,0.0,0.0,0.0,0.0,0.0,0.0,0.0,0.0,798.3,1466.68,471.72,176.0,0.0,0.0,0.0,0.0,0.0,0.0,0.0,0.0,0.0,0.0,0.0,0.0,6460.27,0.0,0.0,16572.0,14500.0,0.0,0.0,0.0,0.0,0.0,9280.0,0.0,5220.0,0.0,0.0,0.0,0.0,0.0,0.0,0.0,0.0,0.0,0.0,0.0,0.0,0.0,2320.0,0.0,0.0,116.0,0.0,377.0,0.0,0.0,0.0,0.0,0.0,0.0,0.0,174.0,0.0,0.0,2537.5,0.0,0.0,0.0,0.0,0.0,0.0,0.0,0.0,0.0,0.0,0.0,0.0,0.0,652.5,0.0,0.0,0.0,0.0,0.0,0.0,0.0,116.0,10.89,C,EWS_ETL,group-financials-1.0,2026-05-18T12:54:13Z
GROUP_UNMAPPED_39615460,2026-01-01,GROUP_UNMAPPED_39615460,Ф1/Ф2,1741.68,0.0,0.0,0.0,0.0,0.0,0.0,0.0,0.0,0.0,0.0,0.0,0.0,0.0,0.0,0.0,0.0,0.0,1441.39,0.0,0.0,0.0,0.0,115.31,0.0,1785.0,107.1,0.0,0.0,0.0,0.0,0.0,0.0,0.0,574.32,0.0,0.0,0.0,0.0,0.0,6676.44,0.0,14514.0,0.0,0.0,0.0,0.0,0.0,0.0,0.0,0.0,6095.88,0.0,0.0,1531.53,542.42,0.0,0.0,0.0,0.0,0.0,0.0,0.0,0.0,701.95,1289.66,414.79,154.76,0.0,0.0,0.0,0.0,0.0,0.0,0.0,0.0,0.0,0.0,0.0,0.0,5658.0,0.0,0.0,14514.0,12750.0,0.0,0.0,0.0,0.0,0.0,8160.0,0.0,4590.0,0.0,0.0,0.0,0.0,0.0,0.0,0.0,0.0,0.0,0.0,0.0,0.0,0.0,2040.0,0.0,0.0,102.0,0.0,331.5,0.0,0.0,0.0,0.0,0.0,0.0,0.0,153.0,0.0,0.0,2231.25,0.0,0.0,0.0,0.0,0.0,0.0,0.0,0.0,0.0,0.0,0.0,0.0,0.0,573.75,0.0,0.0,0.0,0.0,0.0,0.0,0.0,102.0,10.89,C,EWS_ETL,group-financials-1.0,2026-05-18T12:54:13Z
GROUP_UNMAPPED_39681292,2026-01-01,GROUP_UNMAPPED_39681292,Ф1/Ф2,1106.64,0.0,0.0,0.0,0.0,0.0,0.0,0.0,0.0,0.0,0.0,0.0,0.0,0.0,0.0,0.0,0.0,0.0,932.66,0.0,0.0,0.0,0.0,74.61,0.0,1155.0,69.3,0.0,0.0,0.0,0.0,0.0,0.0,0.0,371.62,0.0,0.0,0.0,0.0,0.0,4242.12,0.0,9222.0,0.0,0.0,0.0,0.0,0.0,0.0,0.0,0.0,3873.24,0.0,0.0,990.99,350.98,0.0,0.0,0.0,0.0,0.0,0.0,0.0,0.0,454.2,834.49,268.39,100.14,0.0,0.0,0.0,0.0,0.0,0.0,0.0,0.0,0.0,0.0,0.0,0.0,3595.02,0.0,0.0,9222.0,8250.0,0.0,0.0,0.0,0.0,0.0,5280.0,0.0,2970.0,0.0,0.0,0.0,0.0,0.0,0.0,0.0,0.0,0.0,0.0,0.0,0.0,0.0,1320.0,0.0,0.0,66.0,0.0,214.5,0.0,0.0,0.0,0.0,0.0,0.0,0.0,99.0,0.0,0.0,1443.75,0.0,0.0,0.0,0.0,0.0,0.0,0.0,0.0,0.0,0.0,0.0,0.0,0.0,371.25,0.0,0.0,0.0,0.0,0.0,0.0,0.0,66.0,10.89,C,EWS_ETL,group-financials-1.0,2026-05-18T12:54:13Z
GROUP_UNMAPPED_40292090,2026-01-01,GROUP_UNMAPPED_40292090,Ф1/Ф2,789.12,0.0,0.0,0.0,0.0,0.0,0.0,0.0,0.0,0.0,0.0,0.0,0.0,0.0,0.0,0.0,0.0,0.0,678.3,0.0,0.0,0.0,0.0,54.26,0.0,840.0,50.4,0.0,0.0,0.0,0.0,0.0,0.0,0.0,270.27,0.0,0.0,0.0,0.0,0.0,3024.96,0.0,6576.0,0.0,0.0,0.0,0.0,0.0,0.0,0.0,0.0,2761.92,0.0,0.0,720.72,255.26,0.0,0.0,0.0,0.0,0.0,0.0,0.0,0.0,330.33,606.9,195.19,72.83,0.0,0.0,0.0,0.0,0.0,0.0,0.0,0.0,0.0,0.0,0.0,0.0,2563.53,0.0,0.0,6576.0,6000.0,0.0,0.0,0.0,0.0,0.0,3840.0,0.0,2160.0,0.0,0.0,0.0,0.0,0.0,0.0,0.0,0.0,0.0,0.0,0.0,0.0,0.0,960.0,0.0,0.0,48.0,0.0,156.0,0.0,0.0,0.0,0.0,0.0,0.0,0.0,72.0,0.0,0.0,1050.0,0.0,0.0,0.0,0.0,0.0,0.0,0.0,0.0,0.0,0.0,0.0,0.0,0.0,270.0,0.0,0.0,0.0,0.0,0.0,0.0,0.0,48.0,46.90,G,EWS_ETL,group-financials-1.0,2026-05-18T12:54:13Z
GROUP_UNMAPPED_40334224,2026-01-01,GROUP_UNMAPPED_40334224,Ф1/Ф2,1053.72,0.0,0.0,0.0,0.0,0.0,0.0,0.0,0.0,0.0,0.0,0.0,0.0,0.0,0.0,0.0,0.0,0.0,890.27,0.0,0.0,0.0,0.0,71.22,0.0,1102.5,66.15,0.0,0.0,0.0,0.0,0.0,0.0,0.0,354.73,0.0,0.0,0.0,0.0,0.0,4039.26,0.0,8781.0,0.0,0.0,0.0,0.0,0.0,0.0,0.0,0.0,3688.02,0.0,0.0,945.95,335.02,0.0,0.0,0.0,0.0,0.0,0.0,0.0,0.0,433.56,796.56,256.19,95.59,0.0,0.0,0.0,0.0,0.0,0.0,0.0,0.0,0.0,0.0,0.0,0.0,3423.1,0.0,0.0,8781.0,7875.0,0.0,0.0,0.0,0.0,0.0,5040.0,0.0,2835.0,0.0,0.0,0.0,0.0,0.0,0.0,0.0,0.0,0.0,0.0,0.0,0.0,0.0,1260.0,0.0,0.0,63.0,0.0,204.75,0.0,0.0,0.0,0.0,0.0,0.0,0.0,94.5,0.0,0.0,1378.13,0.0,0.0,0.0,0.0,0.0,0.0,0.0,0.0,0.0,0.0,0.0,0.0,0.0,354.38,0.0,0.0,0.0,0.0,0.0,0.0,0.0,63.0,10.89,C,EWS_ETL,group-financials-1.0,2026-05-18T12:54:13Z
GROUP_UNMAPPED_40489427,2026-01-01,GROUP_UNMAPPED_40489427,Ф1/Ф2,2094.48,0.0,0.0,0.0,0.0,0.0,0.0,0.0,0.0,0.0,0.0,0.0,0.0,0.0,0.0,0.0,0.0,0.0,1724.01,0.0,0.0,0.0,0.0,137.92,0.0,2135.0,128.1,0.0,0.0,0.0,0.0,0.0,0.0,0.0,686.94,0.0,0.0,0.0,0.0,0.0,8028.84,0.0,17454.0,0.0,0.0,0.0,0.0,0.0,0.0,0.0,0.0,7330.68,0.0,0.0,1831.83,648.77,0.0,0.0,0.0,0.0,0.0,0.0,0.0,0.0,839.59,1542.54,496.12,185.1,0.0,0.0,0.0,0.0,0.0,0.0,0.0,0.0,0.0,0.0,0.0,0.0,6804.1,0.0,0.0,17454.0,15250.0,0.0,0.0,0.0,0.0,0.0,9760.0,0.0,5490.0,0.0,0.0,0.0,0.0,0.0,0.0,0.0,0.0,0.0,0.0,0.0,0.0,0.0,2440.0,0.0,0.0,122.0,0.0,396.5,0.0,0.0,0.0,0.0,0.0,0.0,0.0,183.0,0.0,0.0,2668.75,0.0,0.0,0.0,0.0,0.0,0.0,0.0,0.0,0.0,0.0,0.0,0.0,0.0,686.25,0.0,0.0,0.0,0.0,0.0,0.0,0.0,122.0,10.89,C,EWS_ETL,group-financials-1.0,2026-05-18T12:54:13Z
GROUP_UNMAPPED_40532173,2026-01-01,GROUP_UNMAPPED_40532173,Ф1/Ф2,736.2,0.0,0.0,0.0,0.0,0.0,0.0,0.0,0.0,0.0,0.0,0.0,0.0,0.0,0.0,0.0,0.0,0.0,635.91,0.0,0.0,0.0,0.0,50.87,0.0,787.5,47.25,0.0,0.0,0.0,0.0,0.0,0.0,0.0,253.38,0.0,0.0,0.0,0.0,0.0,2822.1,0.0,6135.0,0.0,0.0,0.0,0.0,0.0,0.0,0.0,0.0,2576.7,0.0,0.0,675.67,239.3,0.0,0.0,0.0,0.0,0.0,0.0,0.0,0.0,309.68,568.97,182.99,68.28,0.0,0.0,0.0,0.0,0.0,0.0,0.0,0.0,0.0,0.0,0.0,0.0,2391.61,0.0,0.0,6135.0,5625.0,0.0,0.0,0.0,0.0,0.0,3600.0,0.0,2025.0,0.0,0.0,0.0,0.0,0.0,0.0,0.0,0.0,0.0,0.0,0.0,0.0,0.0,900.0,0.0,0.0,45.0,0.0,146.25,0.0,0.0,0.0,0.0,0.0,0.0,0.0,67.5,0.0,0.0,984.37,0.0,0.0,0.0,0.0,0.0,0.0,0.0,0.0,0.0,0.0,0.0,0.0,0.0,253.12,0.0,0.0,0.0,0.0,0.0,0.0,0.0,45.0,46.90,G,EWS_ETL,group-financials-1.0,2026-05-18T12:54:13Z
GROUP_UNMAPPED_40548267,2026-01-01,GROUP_UNMAPPED_40548267,Ф1/Ф2,1089.0,0.0,0.0,0.0,0.0,0.0,0.0,0.0,0.0,0.0,0.0,0.0,0.0,0.0,0.0,0.0,0.0,0.0,918.53,0.0,0.0,0.0,0.0,73.48,0.0,1137.5,68.25,0.0,0.0,0.0,0.0,0.0,0.0,0.0,365.99,0.0,0.0,0.0,0.0,0.0,4174.5,0.0,9075.0,0.0,0.0,0.0,0.0,0.0,0.0,0.0,0.0,3811.5,0.0,0.0,975.97,345.66,0.0,0.0,0.0,0.0,0.0,0.0,0.0,0.0,447.32,821.84,264.33,98.62,0.0,0.0,0.0,0.0,0.0,0.0,0.0,0.0,0.0,0.0,0.0,0.0,3537.71,0.0,0.0,9075.0,8125.0,0.0,0.0,0.0,0.0,0.0,5200.0,0.0,2925.0,0.0,0.0,0.0,0.0,0.0,0.0,0.0,0.0,0.0,0.0,0.0,0.0,0.0,1300.0,0.0,0.0,65.0,0.0,211.25,0.0,0.0,0.0,0.0,0.0,0.0,0.0,97.5,0.0,0.0,1421.87,0.0,0.0,0.0,0.0,0.0,0.0,0.0,0.0,0.0,0.0,0.0,0.0,0.0,365.62,0.0,0.0,0.0,0.0,0.0,0.0,0.0,65.0,10.89,C,EWS_ETL,group-financials-1.0,2026-05-18T12:54:13Z
GROUP_UNMAPPED_40581739,2026-01-01,GROUP_UNMAPPED_40581739,Ф1/Ф2,1688.76,0.0,0.0,0.0,0.0,0.0,0.0,0.0,0.0,0.0,0.0,0.0,0.0,0.0,0.0,0.0,0.0,0.0,1398.99,0.0,0.0,0.0,0.0,111.92,0.0,1732.5,103.95,0.0,0.0,0.0,0.0,0.0,0.0,0.0,557.43,0.0,0.0,0.0,0.0,0.0,6473.58,0.0,14073.0,0.0,0.0,0.0,0.0,0.0,0.0,0.0,0.0,5910.66,0.0,0.0,1486.49,526.46,0.0,0.0,0.0,0.0,0.0,0.0,0.0,0.0,681.31,1251.73,402.59,150.21,0.0,0.0,0.0,0.0,0.0,0.0,0.0,0.0,0.0,0.0,0.0,0.0,5486.08,0.0,0.0,14073.0,12375.0,0.0,0.0,0.0,0.0,0.0,7920.0,0.0,4455.0,0.0,0.0,0.0,0.0,0.0,0.0,0.0,0.0,0.0,0.0,0.0,0.0,0.0,1980.0,0.0,0.0,99.0,0.0,321.75,0.0,0.0,0.0,0.0,0.0,0.0,0.0,148.5,0.0,0.0,2165.63,0.0,0.0,0.0,0.0,0.0,0.0,0.0,0.0,0.0,0.0,0.0,0.0,0.0,556.88,0.0,0.0,0.0,0.0,0.0,0.0,0.0,99.0,10.89,C,EWS_ETL,group-financials-1.0,2026-05-18T12:54:13Z
GROUP_UNMAPPED_40720198,2026-01-01,GROUP_UNMAPPED_40720198,Ф1/Ф2,2306.16,0.0,0.0,0.0,0.0,0.0,0.0,0.0,0.0,0.0,0.0,0.0,0.0,0.0,0.0,0.0,0.0,0.0,1893.59,0.0,0.0,0.0,0.0,151.49,0.0,2345.0,140.7,0.0,0.0,0.0,0.0,0.0,0.0,0.0,754.5,0.0,0.0,0.0,0.0,0.0,8840.28,0.0,19218.0,0.0,0.0,0.0,0.0,0.0,0.0,0.0,0.0,8071.56,0.0,0.0,2012.01,712.59,0.0,0.0,0.0,0.0,0.0,0.0,0.0,0.0,922.17,1694.26,544.92,203.31,0.0,0.0,0.0,0.0,0.0,0.0,0.0,0.0,0.0,0.0,0.0,0.0,7491.76,0.0,0.0,19218.0,16750.0,0.0,0.0,0.0,0.0,0.0,10720.0,0.0,6030.0,0.0,0.0,0.0,0.0,0.0,0.0,0.0,0.0,0.0,0.0,0.0,0.0,0.0,2680.0,0.0,0.0,134.0,0.0,435.5,0.0,0.0,0.0,0.0,0.0,0.0,0.0,201.0,0.0,0.0,2931.25,0.0,0.0,0.0,0.0,0.0,0.0,0.0,0.0,0.0,0.0,0.0,0.0,0.0,753.75,0.0,0.0,0.0,0.0,0.0,0.0,0.0,134.0,10.89,C,EWS_ETL,group-financials-1.0,2026-05-18T12:54:13Z
GROUP_UNMAPPED_40861875,2026-01-01,GROUP_UNMAPPED_40861875,Ф1/Ф2,1794.6,0.0,0.0,0.0,0.0,0.0,0.0,0.0,0.0,0.0,0.0,0.0,0.0,0.0,0.0,0.0,0.0,0.0,1483.78,0.0,0.0,0.0,0.0,118.7,0.0,1837.5,110.25,0.0,0.0,0.0,0.0,0.0,0.0,0.0,591.22,0.0,0.0,0.0,0.0,0.0,6879.3,0.0,14955.0,0.0,0.0,0.0,0.0,0.0,0.0,0.0,0.0,6281.1,0.0,0.0,1576.57,558.37,0.0,0.0,0.0,0.0,0.0,0.0,0.0,0.0,722.6,1327.59,426.99,159.31,0.0,0.0,0.0,0.0,0.0,0.0,0.0,0.0,0.0,0.0,0.0,0.0,5829.92,0.0,0.0,14955.0,13125.0,0.0,0.0,0.0,0.0,0.0,8400.0,0.0,4725.0,0.0,0.0,0.0,0.0,0.0,0.0,0.0,0.0,0.0,0.0,0.0,0.0,0.0,2100.0,0.0,0.0,105.0,0.0,341.25,0.0,0.0,0.0,0.0,0.0,0.0,0.0,157.5,0.0,0.0,2296.87,0.0,0.0,0.0,0.0,0.0,0.0,0.0,0.0,0.0,0.0,0.0,0.0,0.0,590.62,0.0,0.0,0.0,0.0,0.0,0.0,0.0,105.0,10.89,C,EWS_ETL,group-financials-1.0,2026-05-18T12:54:13Z
GROUP_UNMAPPED_40976600,2026-01-01,GROUP_UNMAPPED_40976600,Ф1/Ф2,1124.28,0.0,0.0,0.0,0.0,0.0,0.0,0.0,0.0,0.0,0.0,0.0,0.0,0.0,0.0,0.0,0.0,0.0,946.79,0.0,0.0,0.0,0.0,75.74,0.0,1172.5,70.35,0.0,0.0,0.0,0.0,0.0,0.0,0.0,377.25,0.0,0.0,0.0,0.0,0.0,4309.74,0.0,9369.0,0.0,0.0,0.0,0.0,0.0,0.0,0.0,0.0,3934.98,0.0,0.0,1006.01,356.29,0.0,0.0,0.0,0.0,0.0,0.0,0.0,0.0,461.09,847.13,272.46,101.66,0.0,0.0,0.0,0.0,0.0,0.0,0.0,0.0,0.0,0.0,0.0,0.0,3652.32,0.0,0.0,9369.0,8375.0,0.0,0.0,0.0,0.0,0.0,5360.0,0.0,3015.0,0.0,0.0,0.0,0.0,0.0,0.0,0.0,0.0,0.0,0.0,0.0,0.0,0.0,1340.0,0.0,0.0,67.0,0.0,217.75,0.0,0.0,0.0,0.0,0.0,0.0,0.0,100.5,0.0,0.0,1465.63,0.0,0.0,0.0,0.0,0.0,0.0,0.0,0.0,0.0,0.0,0.0,0.0,0.0,376.88,0.0,0.0,0.0,0.0,0.0,0.0,0.0,67.0,10.89,C,EWS_ETL,group-financials-1.0,2026-05-18T12:54:13Z
GROUP_UNMAPPED_41041279,2026-01-01,GROUP_UNMAPPED_41041279,Ф1/Ф2,1582.92,0.0,0.0,0.0,0.0,0.0,0.0,0.0,0.0,0.0,0.0,0.0,0.0,0.0,0.0,0.0,0.0,0.0,1314.21,0.0,0.0,0.0,0.0,105.14,0.0,1627.5,97.65,0.0,0.0,0.0,0.0,0.0,0.0,0.0,523.65,0.0,0.0,0.0,0.0,0.0,6067.86,0.0,13191.0,0.0,0.0,0.0,0.0,0.0,0.0,0.0,0.0,5540.22,0.0,0.0,1396.39,494.56,0.0,0.0,0.0,0.0,0.0,0.0,0.0,0.0,640.01,1175.87,378.19,141.1,0.0,0.0,0.0,0.0,0.0,0.0,0.0,0.0,0.0,0.0,0.0,0.0,5142.25,0.0,0.0,13191.0,11625.0,0.0,0.0,0.0,0.0,0.0,7440.0,0.0,4185.0,0.0,0.0,0.0,0.0,0.0,0.0,0.0,0.0,0.0,0.0,0.0,0.0,0.0,1860.0,0.0,0.0,93.0,0.0,302.25,0.0,0.0,0.0,0.0,0.0,0.0,0.0,139.5,0.0,0.0,2034.37,0.0,0.0,0.0,0.0,0.0,0.0,0.0,0.0,0.0,0.0,0.0,0.0,0.0,523.12,0.0,0.0,0.0,0.0,0.0,0.0,0.0,93.0,10.89,C,EWS_ETL,group-financials-1.0,2026-05-18T12:54:13Z
GROUP_UNMAPPED_41054005,2026-01-01,GROUP_UNMAPPED_41054005,Ф1/Ф2,842.04,0.0,0.0,0.0,0.0,0.0,0.0,0.0,0.0,0.0,0.0,0.0,0.0,0.0,0.0,0.0,0.0,0.0,720.69,0.0,0.0,0.0,0.0,57.66,0.0,892.5,53.55,0.0,0.0,0.0,0.0,0.0,0.0,0.0,287.16,0.0,0.0,0.0,0.0,0.0,3227.82,0.0,7017.0,0.0,0.0,0.0,0.0,0.0,0.0,0.0,0.0,2947.14,0.0,0.0,765.77,271.21,0.0,0.0,0.0,0.0,0.0,0.0,0.0,0.0,350.98,644.83,207.4,77.38,0.0,0.0,0.0,0.0,0.0,0.0,0.0,0.0,0.0,0.0,0.0,0.0,2735.44,0.0,0.0,7017.0,6375.0,0.0,0.0,0.0,0.0,0.0,4080.0,0.0,2295.0,0.0,0.0,0.0,0.0,0.0,0.0,0.0,0.0,0.0,0.0,0.0,0.0,0.0,1020.0,0.0,0.0,51.0,0.0,165.75,0.0,0.0,0.0,0.0,0.0,0.0,0.0,76.5,0.0,0.0,1115.63,0.0,0.0,0.0,0.0,0.0,0.0,0.0,0.0,0.0,0.0,0.0,0.0,0.0,286.88,0.0,0.0,0.0,0.0,0.0,0.0,0.0,51.0,46.90,G,EWS_ETL,group-financials-1.0,2026-05-18T12:54:13Z
GROUP_UNMAPPED_41126163,2026-01-01,GROUP_UNMAPPED_41126163,Ф1/Ф2,2288.52,0.0,0.0,0.0,0.0,0.0,0.0,0.0,0.0,0.0,0.0,0.0,0.0,0.0,0.0,0.0,0.0,0.0,1879.46,0.0,0.0,0.0,0.0,150.36,0.0,2327.5,139.65,0.0,0.0,0.0,0.0,0.0,0.0,0.0,748.87,0.0,0.0,0.0,0.0,0.0,8772.66,0.0,19071.0,0.0,0.0,0.0,0.0,0.0,0.0,0.0,0.0,8009.82,0.0,0.0,1996.99,707.27,0.0,0.0,0.0,0.0,0.0,0.0,0.0,0.0,915.29,1681.62,540.85,201.79,0.0,0.0,0.0,0.0,0.0,0.0,0.0,0.0,0.0,0.0,0.0,0.0,7434.46,0.0,0.0,19071.0,16625.0,0.0,0.0,0.0,0.0,0.0,10640.0,0.0,5985.0,0.0,0.0,0.0,0.0,0.0,0.0,0.0,0.0,0.0,0.0,0.0,0.0,0.0,2660.0,0.0,0.0,133.0,0.0,432.25,0.0,0.0,0.0,0.0,0.0,0.0,0.0,199.5,0.0,0.0,2909.37,0.0,0.0,0.0,0.0,0.0,0.0,0.0,0.0,0.0,0.0,0.0,0.0,0.0,748.12,0.0,0.0,0.0,0.0,0.0,0.0,0.0,133.0,10.89,C,EWS_ETL,group-financials-1.0,2026-05-18T12:54:13Z
GROUP_UNMAPPED_41162327,2026-01-01,GROUP_UNMAPPED_41162327,Ф1/Ф2,2041.56,0.0,0.0,0.0,0.0,0.0,0.0,0.0,0.0,0.0,0.0,0.0,0.0,0.0,0.0,0.0,0.0,0.0,1681.62,0.0,0.0,0.0,0.0,134.53,0.0,2082.5,124.95,0.0,0.0,0.0,0.0,0.0,0.0,0.0,670.04,0.0,0.0,0.0,0.0,0.0,7825.98,0.0,17013.0,0.0,0.0,0.0,0.0,0.0,0.0,0.0,0.0,7145.46,0.0,0.0,1786.79,632.82,0.0,0.0,0.0,0.0,0.0,0.0,0.0,0.0,818.94,1504.61,483.92,180.55,0.0,0.0,0.0,0.0,0.0,0.0,0.0,0.0,0.0,0.0,0.0,0.0,6632.19,0.0,0.0,17013.0,14875.0,0.0,0.0,0.0,0.0,0.0,9520.0,0.0,5355.0,0.0,0.0,0.0,0.0,0.0,0.0,0.0,0.0,0.0,0.0,0.0,0.0,0.0,2380.0,0.0,0.0,119.0,0.0,386.75,0.0,0.0,0.0,0.0,0.0,0.0,0.0,178.5,0.0,0.0,2603.13,0.0,0.0,0.0,0.0,0.0,0.0,0.0,0.0,0.0,0.0,0.0,0.0,0.0,669.38,0.0,0.0,0.0,0.0,0.0,0.0,0.0,119.0,10.89,C,EWS_ETL,group-financials-1.0,2026-05-18T12:54:13Z
GROUP_UNMAPPED_41201418,2026-01-01,GROUP_UNMAPPED_41201418,Ф1/Ф2,2059.2,0.0,0.0,0.0,0.0,0.0,0.0,0.0,0.0,0.0,0.0,0.0,0.0,0.0,0.0,0.0,0.0,0.0,1695.75,0.0,0.0,0.0,0.0,135.66,0.0,2100.0,126.0,0.0,0.0,0.0,0.0,0.0,0.0,0.0,675.67,0.0,0.0,0.0,0.0,0.0,7893.6,0.0,17160.0,0.0,0.0,0.0,0.0,0.0,0.0,0.0,0.0,7207.2,0.0,0.0,1801.8,638.14,0.0,0.0,0.0,0.0,0.0,0.0,0.0,0.0,825.83,1517.25,487.99,182.07,0.0,0.0,0.0,0.0,0.0,0.0,0.0,0.0,0.0,0.0,0.0,0.0,6689.49,0.0,0.0,17160.0,15000.0,0.0,0.0,0.0,0.0,0.0,9600.0,0.0,5400.0,0.0,0.0,0.0,0.0,0.0,0.0,0.0,0.0,0.0,0.0,0.0,0.0,0.0,2400.0,0.0,0.0,120.0,0.0,390.0,0.0,0.0,0.0,0.0,0.0,0.0,0.0,180.0,0.0,0.0,2625.0,0.0,0.0,0.0,0.0,0.0,0.0,0.0,0.0,0.0,0.0,0.0,0.0,0.0,675.0,0.0,0.0,0.0,0.0,0.0,0.0,0.0,120.0,10.89,C,EWS_ETL,group-financials-1.0,2026-05-18T12:54:13Z
GROUP_UNMAPPED_41403314,2026-01-01,GROUP_UNMAPPED_41403314,Ф1/Ф2,718.56,0.0,0.0,0.0,0.0,0.0,0.0,0.0,0.0,0.0,0.0,0.0,0.0,0.0,0.0,0.0,0.0,0.0,621.77,0.0,0.0,0.0,0.0,49.74,0.0,770.0,46.2,0.0,0.0,0.0,0.0,0.0,0.0,0.0,247.75,0.0,0.0,0.0,0.0,0.0,2754.48,0.0,5988.0,0.0,0.0,0.0,0.0,0.0,0.0,0.0,0.0,2514.96,0.0,0.0,660.66,233.98,0.0,0.0,0.0,0.0,0.0,0.0,0.0,0.0,302.8,556.33,178.93,66.76,0.0,0.0,0.0,0.0,0.0,0.0,0.0,0.0,0.0,0.0,0.0,0.0,2334.31,0.0,0.0,5988.0,5500.0,0.0,0.0,0.0,0.0,0.0,3520.0,0.0,1980.0,0.0,0.0,0.0,0.0,0.0,0.0,0.0,0.0,0.0,0.0,0.0,0.0,0.0,880.0,0.0,0.0,44.0,0.0,143.0,0.0,0.0,0.0,0.0,0.0,0.0,0.0,66.0,0.0,0.0,962.5,0.0,0.0,0.0,0.0,0.0,0.0,0.0,0.0,0.0,0.0,0.0,0.0,0.0,247.5,0.0,0.0,0.0,0.0,0.0,0.0,0.0,44.0,46.90,G,EWS_ETL,group-financials-1.0,2026-05-18T12:54:13Z
GROUP_UNMAPPED_41747399,2026-01-01,GROUP_UNMAPPED_41747399,Ф1/Ф2,2129.76,0.0,0.0,0.0,0.0,0.0,0.0,0.0,0.0,0.0,0.0,0.0,0.0,0.0,0.0,0.0,0.0,0.0,1752.28,0.0,0.0,0.0,0.0,140.18,0.0,2170.0,130.2,0.0,0.0,0.0,0.0,0.0,0.0,0.0,698.2,0.0,0.0,0.0,0.0,0.0,8164.08,0.0,17748.0,0.0,0.0,0.0,0.0,0.0,0.0,0.0,0.0,7454.16,0.0,0.0,1861.86,659.41,0.0,0.0,0.0,0.0,0.0,0.0,0.0,0.0,853.35,1567.83,504.25,188.14,0.0,0.0,0.0,0.0,0.0,0.0,0.0,0.0,0.0,0.0,0.0,0.0,6918.71,0.0,0.0,17748.0,15500.0,0.0,0.0,0.0,0.0,0.0,9920.0,0.0,5580.0,0.0,0.0,0.0,0.0,0.0,0.0,0.0,0.0,0.0,0.0,0.0,0.0,0.0,2480.0,0.0,0.0,124.0,0.0,403.0,0.0,0.0,0.0,0.0,0.0,0.0,0.0,186.0,0.0,0.0,2712.5,0.0,0.0,0.0,0.0,0.0,0.0,0.0,0.0,0.0,0.0,0.0,0.0,0.0,697.5,0.0,0.0,0.0,0.0,0.0,0.0,0.0,124.0,10.89,C,EWS_ETL,group-financials-1.0,2026-05-18T12:54:13Z
GROUP_UNMAPPED_41810266,2026-01-01,GROUP_UNMAPPED_41810266,Ф1/Ф2,2235.6,0.0,0.0,0.0,0.0,0.0,0.0,0.0,0.0,0.0,0.0,0.0,0.0,0.0,0.0,0.0,0.0,0.0,1837.06,0.0,0.0,0.0,0.0,146.96,0.0,2275.0,136.5,0.0,0.0,0.0,0.0,0.0,0.0,0.0,731.98,0.0,0.0,0.0,0.0,0.0,8569.8,0.0,18630.0,0.0,0.0,0.0,0.0,0.0,0.0,0.0,0.0,7824.6,0.0,0.0,1951.95,691.32,0.0,0.0,0.0,0.0,0.0,0.0,0.0,0.0,894.64,1643.69,528.65,197.24,0.0,0.0,0.0,0.0,0.0,0.0,0.0,0.0,0.0,0.0,0.0,0.0,7262.54,0.0,0.0,18630.0,16250.0,0.0,0.0,0.0,0.0,0.0,10400.0,0.0,5850.0,0.0,0.0,0.0,0.0,0.0,0.0,0.0,0.0,0.0,0.0,0.0,0.0,0.0,2600.0,0.0,0.0,130.0,0.0,422.5,0.0,0.0,0.0,0.0,0.0,0.0,0.0,195.0,0.0,0.0,2843.75,0.0,0.0,0.0,0.0,0.0,0.0,0.0,0.0,0.0,0.0,0.0,0.0,0.0,731.25,0.0,0.0,0.0,0.0,0.0,0.0,0.0,130.0,10.89,C,EWS_ETL,group-financials-1.0,2026-05-18T12:54:13Z
GROUP_UNMAPPED_42071643,2026-01-01,GROUP_UNMAPPED_42071643,Ф1/Ф2,1353.6,0.0,0.0,0.0,0.0,0.0,0.0,0.0,0.0,0.0,0.0,0.0,0.0,0.0,0.0,0.0,0.0,0.0,1130.5,0.0,0.0,0.0,0.0,90.44,0.0,1400.0,84.0,0.0,0.0,0.0,0.0,0.0,0.0,0.0,450.45,0.0,0.0,0.0,0.0,0.0,5188.8,0.0,11280.0,0.0,0.0,0.0,0.0,0.0,0.0,0.0,0.0,4737.6,0.0,0.0,1201.2,425.43,0.0,0.0,0.0,0.0,0.0,0.0,0.0,0.0,550.55,1011.5,325.32,121.38,0.0,0.0,0.0,0.0,0.0,0.0,0.0,0.0,0.0,0.0,0.0,0.0,4397.29,0.0,0.0,11280.0,10000.0,0.0,0.0,0.0,0.0,0.0,6400.0,0.0,3600.0,0.0,0.0,0.0,0.0,0.0,0.0,0.0,0.0,0.0,0.0,0.0,0.0,0.0,1600.0,0.0,0.0,80.0,0.0,260.0,0.0,0.0,0.0,0.0,0.0,0.0,0.0,120.0,0.0,0.0,1750.0,0.0,0.0,0.0,0.0,0.0,0.0,0.0,0.0,0.0,0.0,0.0,0.0,0.0,450.0,0.0,0.0,0.0,0.0,0.0,0.0,0.0,80.0,10.89,C,EWS_ETL,group-financials-1.0,2026-05-18T12:54:13Z
GROUP_UNMAPPED_42751799,2026-01-01,GROUP_UNMAPPED_42751799,Ф1/Ф2,665.64,0.0,0.0,0.0,0.0,0.0,0.0,0.0,0.0,0.0,0.0,0.0,0.0,0.0,0.0,0.0,0.0,0.0,579.38,0.0,0.0,0.0,0.0,46.35,0.0,717.5,43.05,0.0,0.0,0.0,0.0,0.0,0.0,0.0,230.86,0.0,0.0,0.0,0.0,0.0,2551.62,0.0,5547.0,0.0,0.0,0.0,0.0,0.0,0.0,0.0,0.0,2329.74,0.0,0.0,615.61,218.03,0.0,0.0,0.0,0.0,0.0,0.0,0.0,0.0,282.16,518.39,166.73,62.21,0.0,0.0,0.0,0.0,0.0,0.0,0.0,0.0,0.0,0.0,0.0,0.0,2162.39,0.0,0.0,5547.0,5125.0,0.0,0.0,0.0,0.0,0.0,3280.0,0.0,1845.0,0.0,0.0,0.0,0.0,0.0,0.0,0.0,0.0,0.0,0.0,0.0,0.0,0.0,820.0,0.0,0.0,41.0,0.0,133.25,0.0,0.0,0.0,0.0,0.0,0.0,0.0,61.5,0.0,0.0,896.87,0.0,0.0,0.0,0.0,0.0,0.0,0.0,0.0,0.0,0.0,0.0,0.0,0.0,230.62,0.0,0.0,0.0,0.0,0.0,0.0,0.0,41.0,46.90,G,EWS_ETL,group-financials-1.0,2026-05-18T12:54:13Z
GROUP_UNMAPPED_43090747,2026-01-01,GROUP_UNMAPPED_43090747,Ф1/Ф2,1847.52,0.0,0.0,0.0,0.0,0.0,0.0,0.0,0.0,0.0,0.0,0.0,0.0,0.0,0.0,0.0,0.0,0.0,1526.17,0.0,0.0,0.0,0.0,122.09,0.0,1890.0,113.4,0.0,0.0,0.0,0.0,0.0,0.0,0.0,608.11,0.0,0.0,0.0,0.0,0.0,7082.16,0.0,15396.0,0.0,0.0,0.0,0.0,0.0,0.0,0.0,0.0,6466.32,0.0,0.0,1621.62,574.32,0.0,0.0,0.0,0.0,0.0,0.0,0.0,0.0,743.24,1365.53,439.19,163.86,0.0,0.0,0.0,0.0,0.0,0.0,0.0,0.0,0.0,0.0,0.0,0.0,6001.83,0.0,0.0,15396.0,13500.0,0.0,0.0,0.0,0.0,0.0,8640.0,0.0,4860.0,0.0,0.0,0.0,0.0,0.0,0.0,0.0,0.0,0.0,0.0,0.0,0.0,0.0,2160.0,0.0,0.0,108.0,0.0,351.0,0.0,0.0,0.0,0.0,0.0,0.0,0.0,162.0,0.0,0.0,2362.5,0.0,0.0,0.0,0.0,0.0,0.0,0.0,0.0,0.0,0.0,0.0,0.0,0.0,607.5,0.0,0.0,0.0,0.0,0.0,0.0,0.0,108.0,10.89,C,EWS_ETL,group-financials-1.0,2026-05-18T12:54:13Z
GROUP_UNMAPPED_43162182,2026-01-01,GROUP_UNMAPPED_43162182,Ф1/Ф2,1388.88,0.0,0.0,0.0,0.0,0.0,0.0,0.0,0.0,0.0,0.0,0.0,0.0,0.0,0.0,0.0,0.0,0.0,1158.76,0.0,0.0,0.0,0.0,92.7,0.0,1435.0,86.1,0.0,0.0,0.0,0.0,0.0,0.0,0.0,461.71,0.0,0.0,0.0,0.0,0.0,5324.04,0.0,11574.0,0.0,0.0,0.0,0.0,0.0,0.0,0.0,0.0,4861.08,0.0,0.0,1231.23,436.06,0.0,0.0,0.0,0.0,0.0,0.0,0.0,0.0,564.31,1036.79,333.46,124.41,0.0,0.0,0.0,0.0,0.0,0.0,0.0,0.0,0.0,0.0,0.0,0.0,4511.9,0.0,0.0,11574.0,10250.0,0.0,0.0,0.0,0.0,0.0,6560.0,0.0,3690.0,0.0,0.0,0.0,0.0,0.0,0.0,0.0,0.0,0.0,0.0,0.0,0.0,0.0,1640.0,0.0,0.0,82.0,0.0,266.5,0.0,0.0,0.0,0.0,0.0,0.0,0.0,123.0,0.0,0.0,1793.75,0.0,0.0,0.0,0.0,0.0,0.0,0.0,0.0,0.0,0.0,0.0,0.0,0.0,461.25,0.0,0.0,0.0,0.0,0.0,0.0,0.0,82.0,10.89,C,EWS_ETL,group-financials-1.0,2026-05-18T12:54:13Z
GROUP_UNMAPPED_43487506,2026-01-01,GROUP_UNMAPPED_43487506,Ф1/Ф2,1635.84,0.0,0.0,0.0,0.0,0.0,0.0,0.0,0.0,0.0,0.0,0.0,0.0,0.0,0.0,0.0,0.0,0.0,1356.6,0.0,0.0,0.0,0.0,108.53,0.0,1680.0,100.8,0.0,0.0,0.0,0.0,0.0,0.0,0.0,540.54,0.0,0.0,0.0,0.0,0.0,6270.72,0.0,13632.0,0.0,0.0,0.0,0.0,0.0,0.0,0.0,0.0,5725.44,0.0,0.0,1441.44,510.51,0.0,0.0,0.0,0.0,0.0,0.0,0.0,0.0,660.66,1213.8,390.39,145.66,0.0,0.0,0.0,0.0,0.0,0.0,0.0,0.0,0.0,0.0,0.0,0.0,5314.17,0.0,0.0,13632.0,12000.0,0.0,0.0,0.0,0.0,0.0,7680.0,0.0,4320.0,0.0,0.0,0.0,0.0,0.0,0.0,0.0,0.0,0.0,0.0,0.0,0.0,0.0,1920.0,0.0,0.0,96.0,0.0,312.0,0.0,0.0,0.0,0.0,0.0,0.0,0.0,144.0,0.0,0.0,2100.0,0.0,0.0,0.0,0.0,0.0,0.0,0.0,0.0,0.0,0.0,0.0,0.0,0.0,540.0,0.0,0.0,0.0,0.0,0.0,0.0,0.0,96.0,10.89,C,EWS_ETL,group-financials-1.0,2026-05-18T12:54:13Z
GROUP_UNMAPPED_43607439,2026-01-01,GROUP_UNMAPPED_43607439,Ф1/Ф2,1283.04,0.0,0.0,0.0,0.0,0.0,0.0,0.0,0.0,0.0,0.0,0.0,0.0,0.0,0.0,0.0,0.0,0.0,1073.97,0.0,0.0,0.0,0.0,85.92,0.0,1330.0,79.8,0.0,0.0,0.0,0.0,0.0,0.0,0.0,427.93,0.0,0.0,0.0,0.0,0.0,4918.32,0.0,10692.0,0.0,0.0,0.0,0.0,0.0,0.0,0.0,0.0,4490.64,0.0,0.0,1141.14,404.15,0.0,0.0,0.0,0.0,0.0,0.0,0.0,0.0,523.02,960.93,309.06,115.31,0.0,0.0,0.0,0.0,0.0,0.0,0.0,0.0,0.0,0.0,0.0,0.0,4168.07,0.0,0.0,10692.0,9500.0,0.0,0.0,0.0,0.0,0.0,6080.0,0.0,3420.0,0.0,0.0,0.0,0.0,0.0,0.0,0.0,0.0,0.0,0.0,0.0,0.0,0.0,1520.0,0.0,0.0,76.0,0.0,247.0,0.0,0.0,0.0,0.0,0.0,0.0,0.0,114.0,0.0,0.0,1662.5,0.0,0.0,0.0,0.0,0.0,0.0,0.0,0.0,0.0,0.0,0.0,0.0,0.0,427.5,0.0,0.0,0.0,0.0,0.0,0.0,0.0,76.0,10.89,C,EWS_ETL,group-financials-1.0,2026-05-18T12:54:13Z
GROUP_UNMAPPED_44307498,2026-01-01,GROUP_UNMAPPED_44307498,Ф1/Ф2,2147.4,0.0,0.0,0.0,0.0,0.0,0.0,0.0,0.0,0.0,0.0,0.0,0.0,0.0,0.0,0.0,0.0,0.0,1766.41,0.0,0.0,0.0,0.0,141.31,0.0,2187.5,131.25,0.0,0.0,0.0,0.0,0.0,0.0,0.0,703.83,0.0,0.0,0.0,0.0,0.0,8231.7,0.0,17895.0,0.0,0.0,0.0,0.0,0.0,0.0,0.0,0.0,7515.9,0.0,0.0,1876.87,664.73,0.0,0.0,0.0,0.0,0.0,0.0,0.0,0.0,860.23,1580.47,508.32,189.66,0.0,0.0,0.0,0.0,0.0,0.0,0.0,0.0,0.0,0.0,0.0,0.0,6976.02,0.0,0.0,17895.0,15625.0,0.0,0.0,0.0,0.0,0.0,10000.0,0.0,5625.0,0.0,0.0,0.0,0.0,0.0,0.0,0.0,0.0,0.0,0.0,0.0,0.0,0.0,2500.0,0.0,0.0,125.0,0.0,406.25,0.0,0.0,0.0,0.0,0.0,0.0,0.0,187.5,0.0,0.0,2734.37,0.0,0.0,0.0,0.0,0.0,0.0,0.0,0.0,0.0,0.0,0.0,0.0,0.0,703.12,0.0,0.0,0.0,0.0,0.0,0.0,0.0,125.0,10.89,C,EWS_ETL,group-financials-1.0,2026-05-18T12:54:13Z
GROUP_UNMAPPED_44524171,2026-01-01,GROUP_UNMAPPED_44524171,Ф1/Ф2,1230.12,0.0,0.0,0.0,0.0,0.0,0.0,0.0,0.0,0.0,0.0,0.0,0.0,0.0,0.0,0.0,0.0,0.0,1031.58,0.0,0.0,0.0,0.0,82.53,0.0,1277.5,76.65,0.0,0.0,0.0,0.0,0.0,0.0,0.0,411.04,0.0,0.0,0.0,0.0,0.0,4715.46,0.0,10251.0,0.0,0.0,0.0,0.0,0.0,0.0,0.0,0.0,4305.42,0.0,0.0,1096.09,388.2,0.0,0.0,0.0,0.0,0.0,0.0,0.0,0.0,502.38,922.99,296.86,110.76,0.0,0.0,0.0,0.0,0.0,0.0,0.0,0.0,0.0,0.0,0.0,0.0,3996.15,0.0,0.0,10251.0,9125.0,0.0,0.0,0.0,0.0,0.0,5840.0,0.0,3285.0,0.0,0.0,0.0,0.0,0.0,0.0,0.0,0.0,0.0,0.0,0.0,0.0,0.0,1460.0,0.0,0.0,73.0,0.0,237.25,0.0,0.0,0.0,0.0,0.0,0.0,0.0,109.5,0.0,0.0,1596.87,0.0,0.0,0.0,0.0,0.0,0.0,0.0,0.0,0.0,0.0,0.0,0.0,0.0,410.62,0.0,0.0,0.0,0.0,0.0,0.0,0.0,73.0,10.89,C,EWS_ETL,group-financials-1.0,2026-05-18T12:54:13Z
GROUP_UNMAPPED_44550002,2026-01-01,GROUP_UNMAPPED_44550002,Ф1/Ф2,1247.76,0.0,0.0,0.0,0.0,0.0,0.0,0.0,0.0,0.0,0.0,0.0,0.0,0.0,0.0,0.0,0.0,0.0,1045.71,0.0,0.0,0.0,0.0,83.66,0.0,1295.0,77.7,0.0,0.0,0.0,0.0,0.0,0.0,0.0,416.67,0.0,0.0,0.0,0.0,0.0,4783.08,0.0,10398.0,0.0,0.0,0.0,0.0,0.0,0.0,0.0,0.0,4367.16,0.0,0.0,1111.11,393.52,0.0,0.0,0.0,0.0,0.0,0.0,0.0,0.0,509.26,935.64,300.93,112.28,0.0,0.0,0.0,0.0,0.0,0.0,0.0,0.0,0.0,0.0,0.0,0.0,4053.46,0.0,0.0,10398.0,9250.0,0.0,0.0,0.0,0.0,0.0,5920.0,0.0,3330.0,0.0,0.0,0.0,0.0,0.0,0.0,0.0,0.0,0.0,0.0,0.0,0.0,0.0,1480.0,0.0,0.0,74.0,0.0,240.5,0.0,0.0,0.0,0.0,0.0,0.0,0.0,111.0,0.0,0.0,1618.75,0.0,0.0,0.0,0.0,0.0,0.0,0.0,0.0,0.0,0.0,0.0,0.0,0.0,416.25,0.0,0.0,0.0,0.0,0.0,0.0,0.0,74.0,10.89,C,EWS_ETL,group-financials-1.0,2026-05-18T12:54:13Z
GROUP_UNMAPPED_44638778,2026-01-01,GROUP_UNMAPPED_44638778,Ф1/Ф2,1265.4,0.0,0.0,0.0,0.0,0.0,0.0,0.0,0.0,0.0,0.0,0.0,0.0,0.0,0.0,0.0,0.0,0.0,1059.84,0.0,0.0,0.0,0.0,84.79,0.0,1312.5,78.75,0.0,0.0,0.0,0.0,0.0,0.0,0.0,422.3,0.0,0.0,0.0,0.0,0.0,4850.7,0.0,10545.0,0.0,0.0,0.0,0.0,0.0,0.0,0.0,0.0,4428.9,0.0,0.0,1126.13,398.84,0.0,0.0,0.0,0.0,0.0,0.0,0.0,0.0,516.14,948.28,304.99,113.79,0.0,0.0,0.0,0.0,0.0,0.0,0.0,0.0,0.0,0.0,0.0,0.0,4110.76,0.0,0.0,10545.0,9375.0,0.0,0.0,0.0,0.0,0.0,6000.0,0.0,3375.0,0.0,0.0,0.0,0.0,0.0,0.0,0.0,0.0,0.0,0.0,0.0,0.0,0.0,1500.0,0.0,0.0,75.0,0.0,243.75,0.0,0.0,0.0,0.0,0.0,0.0,0.0,112.5,0.0,0.0,1640.63,0.0,0.0,0.0,0.0,0.0,0.0,0.0,0.0,0.0,0.0,0.0,0.0,0.0,421.88,0.0,0.0,0.0,0.0,0.0,0.0,0.0,75.0,10.89,C,EWS_ETL,group-financials-1.0,2026-05-18T12:54:13Z
GROUP_UNMAPPED_44676394,2026-01-01,GROUP_UNMAPPED_44676394,Ф1/Ф2,1971.0,0.0,0.0,0.0,0.0,0.0,0.0,0.0,0.0,0.0,0.0,0.0,0.0,0.0,0.0,0.0,0.0,0.0,1625.09,0.0,0.0,0.0,0.0,130.01,0.0,2012.5,120.75,0.0,0.0,0.0,0.0,0.0,0.0,0.0,647.52,0.0,0.0,0.0,0.0,0.0,7555.5,0.0,16425.0,0.0,0.0,0.0,0.0,0.0,0.0,0.0,0.0,6898.5,0.0,0.0,1726.73,611.55,0.0,0.0,0.0,0.0,0.0,0.0,0.0,0.0,791.42,1454.03,467.66,174.48,0.0,0.0,0.0,0.0,0.0,0.0,0.0,0.0,0.0,0.0,0.0,0.0,6402.97,0.0,0.0,16425.0,14375.0,0.0,0.0,0.0,0.0,0.0,9200.0,0.0,5175.0,0.0,0.0,0.0,0.0,0.0,0.0,0.0,0.0,0.0,0.0,0.0,0.0,0.0,2300.0,0.0,0.0,115.0,0.0,373.75,0.0,0.0,0.0,0.0,0.0,0.0,0.0,172.5,0.0,0.0,2515.63,0.0,0.0,0.0,0.0,0.0,0.0,0.0,0.0,0.0,0.0,0.0,0.0,0.0,646.88,0.0,0.0,0.0,0.0,0.0,0.0,0.0,115.0,10.89,C,EWS_ETL,group-financials-1.0,2026-05-18T12:54:13Z
GROUP_UNMAPPED_44797285,2026-01-01,GROUP_UNMAPPED_44797285,Ф1/Ф2,1724.04,0.0,0.0,0.0,0.0,0.0,0.0,0.0,0.0,0.0,0.0,0.0,0.0,0.0,0.0,0.0,0.0,0.0,1427.26,0.0,0.0,0.0,0.0,114.18,0.0,1767.5,106.05,0.0,0.0,0.0,0.0,0.0,0.0,0.0,568.69,0.0,0.0,0.0,0.0,0.0,6608.82,0.0,14367.0,0.0,0.0,0.0,0.0,0.0,0.0,0.0,0.0,6034.14,0.0,0.0,1516.51,537.1,0.0,0.0,0.0,0.0,0.0,0.0,0.0,0.0,695.07,1277.02,410.72,153.24,0.0,0.0,0.0,0.0,0.0,0.0,0.0,0.0,0.0,0.0,0.0,0.0,5600.69,0.0,0.0,14367.0,12625.0,0.0,0.0,0.0,0.0,0.0,8080.0,0.0,4545.0,0.0,0.0,0.0,0.0,0.0,0.0,0.0,0.0,0.0,0.0,0.0,0.0,0.0,2020.0,0.0,0.0,101.0,0.0,328.25,0.0,0.0,0.0,0.0,0.0,0.0,0.0,151.5,0.0,0.0,2209.37,0.0,0.0,0.0,0.0,0.0,0.0,0.0,0.0,0.0,0.0,0.0,0.0,0.0,568.12,0.0,0.0,0.0,0.0,0.0,0.0,0.0,101.0,10.89,C,EWS_ETL,group-financials-1.0,2026-05-18T12:54:13Z
GROUP_UNMAPPED_45038043,2026-01-01,GROUP_UNMAPPED_45038043,Ф1/Ф2,1036.08,0.0,0.0,0.0,0.0,0.0,0.0,0.0,0.0,0.0,0.0,0.0,0.0,0.0,0.0,0.0,0.0,0.0,876.14,0.0,0.0,0.0,0.0,70.09,0.0,1085.0,65.1,0.0,0.0,0.0,0.0,0.0,0.0,0.0,349.1,0.0,0.0,0.0,0.0,0.0,3971.64,0.0,8634.0,0.0,0.0,0.0,0.0,0.0,0.0,0.0,0.0,3626.28,0.0,0.0,930.93,329.7,0.0,0.0,0.0,0.0,0.0,0.0,0.0,0.0,426.68,783.91,252.13,94.07,0.0,0.0,0.0,0.0,0.0,0.0,0.0,0.0,0.0,0.0,0.0,0.0,3365.8,0.0,0.0,8634.0,7750.0,0.0,0.0,0.0,0.0,0.0,4960.0,0.0,2790.0,0.0,0.0,0.0,0.0,0.0,0.0,0.0,0.0,0.0,0.0,0.0,0.0,0.0,1240.0,0.0,0.0,62.0,0.0,201.5,0.0,0.0,0.0,0.0,0.0,0.0,0.0,93.0,0.0,0.0,1356.25,0.0,0.0,0.0,0.0,0.0,0.0,0.0,0.0,0.0,0.0,0.0,0.0,0.0,348.75,0.0,0.0,0.0,0.0,0.0,0.0,0.0,62.0,10.89,C,EWS_ETL,group-financials-1.0,2026-05-18T12:54:13Z
GROUP_UNMAPPED_45054208,2026-01-01,GROUP_UNMAPPED_45054208,Ф1/Ф2,894.96,0.0,0.0,0.0,0.0,0.0,0.0,0.0,0.0,0.0,0.0,0.0,0.0,0.0,0.0,0.0,0.0,0.0,763.09,0.0,0.0,0.0,0.0,61.05,0.0,945.0,56.7,0.0,0.0,0.0,0.0,0.0,0.0,0.0,304.05,0.0,0.0,0.0,0.0,0.0,3430.68,0.0,7458.0,0.0,0.0,0.0,0.0,0.0,0.0,0.0,0.0,3132.36,0.0,0.0,810.81,287.16,0.0,0.0,0.0,0.0,0.0,0.0,0.0,0.0,371.62,682.76,219.59,81.93,0.0,0.0,0.0,0.0,0.0,0.0,0.0,0.0,0.0,0.0,0.0,0.0,2907.36,0.0,0.0,7458.0,6750.0,0.0,0.0,0.0,0.0,0.0,4320.0,0.0,2430.0,0.0,0.0,0.0,0.0,0.0,0.0,0.0,0.0,0.0,0.0,0.0,0.0,0.0,1080.0,0.0,0.0,54.0,0.0,175.5,0.0,0.0,0.0,0.0,0.0,0.0,0.0,81.0,0.0,0.0,1181.25,0.0,0.0,0.0,0.0,0.0,0.0,0.0,0.0,0.0,0.0,0.0,0.0,0.0,303.75,0.0,0.0,0.0,0.0,0.0,0.0,0.0,54.0,46.90,G,EWS_ETL,group-financials-1.0,2026-05-18T12:54:13Z
GROUP_UNMAPPED_45088504,2026-01-01,GROUP_UNMAPPED_45088504,Ф1/Ф2,1318.32,0.0,0.0,0.0,0.0,0.0,0.0,0.0,0.0,0.0,0.0,0.0,0.0,0.0,0.0,0.0,0.0,0.0,1102.24,0.0,0.0,0.0,0.0,88.18,0.0,1365.0,81.9,0.0,0.0,0.0,0.0,0.0,0.0,0.0,439.19,0.0,0.0,0.0,0.0,0.0,5053.56,0.0,10986.0,0.0,0.0,0.0,0.0,0.0,0.0,0.0,0.0,4614.12,0.0,0.0,1171.17,414.79,0.0,0.0,0.0,0.0,0.0,0.0,0.0,0.0,536.79,986.21,317.19,118.35,0.0,0.0,0.0,0.0,0.0,0.0,0.0,0.0,0.0,0.0,0.0,0.0,4282.68,0.0,0.0,10986.0,9750.0,0.0,0.0,0.0,0.0,0.0,6240.0,0.0,3510.0,0.0,0.0,0.0,0.0,0.0,0.0,0.0,0.0,0.0,0.0,0.0,0.0,0.0,1560.0,0.0,0.0,78.0,0.0,253.5,0.0,0.0,0.0,0.0,0.0,0.0,0.0,117.0,0.0,0.0,1706.25,0.0,0.0,0.0,0.0,0.0,0.0,0.0,0.0,0.0,0.0,0.0,0.0,0.0,438.75,0.0,0.0,0.0,0.0,0.0,0.0,0.0,78.0,10.89,C,EWS_ETL,group-financials-1.0,2026-05-18T12:54:13Z
GROUP_UNMAPPED_45124442,2026-01-01,GROUP_UNMAPPED_45124442,Ф1/Ф2,930.24,0.0,0.0,0.0,0.0,0.0,0.0,0.0,0.0,0.0,0.0,0.0,0.0,0.0,0.0,0.0,0.0,0.0,791.35,0.0,0.0,0.0,0.0,63.31,0.0,980.0,58.8,0.0,0.0,0.0,0.0,0.0,0.0,0.0,315.31,0.0,0.0,0.0,0.0,0.0,3565.92,0.0,7752.0,0.0,0.0,0.0,0.0,0.0,0.0,0.0,0.0,3255.84,0.0,0.0,840.84,297.8,0.0,0.0,0.0,0.0,0.0,0.0,0.0,0.0,385.38,708.05,227.73,84.97,0.0,0.0,0.0,0.0,0.0,0.0,0.0,0.0,0.0,0.0,0.0,0.0,3021.97,0.0,0.0,7752.0,7000.0,0.0,0.0,0.0,0.0,0.0,4480.0,0.0,2520.0,0.0,0.0,0.0,0.0,0.0,0.0,0.0,0.0,0.0,0.0,0.0,0.0,0.0,1120.0,0.0,0.0,56.0,0.0,182.0,0.0,0.0,0.0,0.0,0.0,0.0,0.0,84.0,0.0,0.0,1225.0,0.0,0.0,0.0,0.0,0.0,0.0,0.0,0.0,0.0,0.0,0.0,0.0,0.0,315.0,0.0,0.0,0.0,0.0,0.0,0.0,0.0,56.0,46.90,G,EWS_ETL,group-financials-1.0,2026-05-18T12:54:13Z
GROUP_UNMAPPED_45278636,2026-01-01,GROUP_UNMAPPED_45278636,Ф1/Ф2,1018.44,0.0,0.0,0.0,0.0,0.0,0.0,0.0,0.0,0.0,0.0,0.0,0.0,0.0,0.0,0.0,0.0,0.0,862.01,0.0,0.0,0.0,0.0,68.96,0.0,1067.5,64.05,0.0,0.0,0.0,0.0,0.0,0.0,0.0,343.47,0.0,0.0,0.0,0.0,0.0,3904.02,0.0,8487.0,0.0,0.0,0.0,0.0,0.0,0.0,0.0,0.0,3564.54,0.0,0.0,915.91,324.39,0.0,0.0,0.0,0.0,0.0,0.0,0.0,0.0,419.79,771.27,248.06,92.55,0.0,0.0,0.0,0.0,0.0,0.0,0.0,0.0,0.0,0.0,0.0,0.0,3308.49,0.0,0.0,8487.0,7625.0,0.0,0.0,0.0,0.0,0.0,4880.0,0.0,2745.0,0.0,0.0,0.0,0.0,0.0,0.0,0.0,0.0,0.0,0.0,0.0,0.0,0.0,1220.0,0.0,0.0,61.0,0.0,198.25,0.0,0.0,0.0,0.0,0.0,0.0,0.0,91.5,0.0,0.0,1334.37,0.0,0.0,0.0,0.0,0.0,0.0,0.0,0.0,0.0,0.0,0.0,0.0,0.0,343.12,0.0,0.0,0.0,0.0,0.0,0.0,0.0,61.0,46.90,G,EWS_ETL,group-financials-1.0,2026-05-18T12:54:13Z
GROUP_UNMAPPED_45348336,2026-01-01,GROUP_UNMAPPED_45348336,Ф1/Ф2,2182.68,0.0,0.0,0.0,0.0,0.0,0.0,0.0,0.0,0.0,0.0,0.0,0.0,0.0,0.0,0.0,0.0,0.0,1794.67,0.0,0.0,0.0,0.0,143.57,0.0,2222.5,133.35,0.0,0.0,0.0,0.0,0.0,0.0,0.0,715.09,0.0,0.0,0.0,0.0,0.0,8366.94,0.0,18189.0,0.0,0.0,0.0,0.0,0.0,0.0,0.0,0.0,7639.38,0.0,0.0,1906.91,675.36,0.0,0.0,0.0,0.0,0.0,0.0,0.0,0.0,874.0,1605.76,516.45,192.69,0.0,0.0,0.0,0.0,0.0,0.0,0.0,0.0,0.0,0.0,0.0,0.0,7090.63,0.0,0.0,18189.0,15875.0,0.0,0.0,0.0,0.0,0.0,10160.0,0.0,5715.0,0.0,0.0,0.0,0.0,0.0,0.0,0.0,0.0,0.0,0.0,0.0,0.0,0.0,2540.0,0.0,0.0,127.0,0.0,412.75,0.0,0.0,0.0,0.0,0.0,0.0,0.0,190.5,0.0,0.0,2778.13,0.0,0.0,0.0,0.0,0.0,0.0,0.0,0.0,0.0,0.0,0.0,0.0,0.0,714.38,0.0,0.0,0.0,0.0,0.0,0.0,0.0,127.0,10.89,C,EWS_ETL,group-financials-1.0,2026-05-18T12:54:13Z
GROUP_UNMAPPED_45412956,2026-01-01,GROUP_UNMAPPED_45412956,Ф1/Ф2,1000.8,0.0,0.0,0.0,0.0,0.0,0.0,0.0,0.0,0.0,0.0,0.0,0.0,0.0,0.0,0.0,0.0,0.0,847.88,0.0,0.0,0.0,0.0,67.83,0.0,1050.0,63.0,0.0,0.0,0.0,0.0,0.0,0.0,0.0,337.84,0.0,0.0,0.0,0.0,0.0,3836.4,0.0,8340.0,0.0,0.0,0.0,0.0,0.0,0.0,0.0,0.0,3502.8,0.0,0.0,900.9,319.07,0.0,0.0,0.0,0.0,0.0,0.0,0.0,0.0,412.91,758.62,243.99,91.03,0.0,0.0,0.0,0.0,0.0,0.0,0.0,0.0,0.0,0.0,0.0,0.0,3251.19,0.0,0.0,8340.0,7500.0,0.0,0.0,0.0,0.0,0.0,4800.0,0.0,2700.0,0.0,0.0,0.0,0.0,0.0,0.0,0.0,0.0,0.0,0.0,0.0,0.0,0.0,1200.0,0.0,0.0,60.0,0.0,195.0,0.0,0.0,0.0,0.0,0.0,0.0,0.0,90.0,0.0,0.0,1312.5,0.0,0.0,0.0,0.0,0.0,0.0,0.0,0.0,0.0,0.0,0.0,0.0,0.0,337.5,0.0,0.0,0.0,0.0,0.0,0.0,0.0,60.0,46.90,G,EWS_ETL,group-financials-1.0,2026-05-18T12:54:13Z
GROUP_UNMAPPED_45425059,2026-01-01,GROUP_UNMAPPED_45425059,Ф1/Ф2,1071.36,0.0,0.0,0.0,0.0,0.0,0.0,0.0,0.0,0.0,0.0,0.0,0.0,0.0,0.0,0.0,0.0,0.0,904.4,0.0,0.0,0.0,0.0,72.35,0.0,1120.0,67.2,0.0,0.0,0.0,0.0,0.0,0.0,0.0,360.36,0.0,0.0,0.0,0.0,0.0,4106.88,0.0,8928.0,0.0,0.0,0.0,0.0,0.0,0.0,0.0,0.0,3749.76,0.0,0.0,960.96,340.34,0.0,0.0,0.0,0.0,0.0,0.0,0.0,0.0,440.44,809.2,260.26,97.1,0.0,0.0,0.0,0.0,0.0,0.0,0.0,0.0,0.0,0.0,0.0,0.0,3480.41,0.0,0.0,8928.0,8000.0,0.0,0.0,0.0,0.0,0.0,5120.0,0.0,2880.0,0.0,0.0,0.0,0.0,0.0,0.0,0.0,0.0,0.0,0.0,0.0,0.0,0.0,1280.0,0.0,0.0,64.0,0.0,208.0,0.0,0.0,0.0,0.0,0.0,0.0,0.0,96.0,0.0,0.0,1400.0,0.0,0.0,0.0,0.0,0.0,0.0,0.0,0.0,0.0,0.0,0.0,0.0,0.0,360.0,0.0,0.0,0.0,0.0,0.0,0.0,0.0,64.0,10.89,C,EWS_ETL,group-financials-1.0,2026-05-18T12:54:13Z
GROUP_UNMAPPED_45477018,2026-01-01,GROUP_UNMAPPED_45477018,Ф1/Ф2,2006.28,0.0,0.0,0.0,0.0,0.0,0.0,0.0,0.0,0.0,0.0,0.0,0.0,0.0,0.0,0.0,0.0,0.0,1653.36,0.0,0.0,0.0,0.0,132.27,0.0,2047.5,122.85,0.0,0.0,0.0,0.0,0.0,0.0,0.0,658.78,0.0,0.0,0.0,0.0,0.0,7690.74,0.0,16719.0,0.0,0.0,0.0,0.0,0.0,0.0,0.0,0.0,7021.98,0.0,0.0,1756.75,622.18,0.0,0.0,0.0,0.0,0.0,0.0,0.0,0.0,805.18,1479.32,475.79,177.52,0.0,0.0,0.0,0.0,0.0,0.0,0.0,0.0,0.0,0.0,0.0,0.0,6517.58,0.0,0.0,16719.0,14625.0,0.0,0.0,0.0,0.0,0.0,9360.0,0.0,5265.0,0.0,0.0,0.0,0.0,0.0,0.0,0.0,0.0,0.0,0.0,0.0,0.0,0.0,2340.0,0.0,0.0,117.0,0.0,380.25,0.0,0.0,0.0,0.0,0.0,0.0,0.0,175.5,0.0,0.0,2559.37,0.0,0.0,0.0,0.0,0.0,0.0,0.0,0.0,0.0,0.0,0.0,0.0,0.0,658.12,0.0,0.0,0.0,0.0,0.0,0.0,0.0,117.0,10.89,C,EWS_ETL,group-financials-1.0,2026-05-18T12:54:13Z
GROUP_UNMAPPED_45506389,2026-01-01,GROUP_UNMAPPED_45506389,Ф1/Ф2,700.92,0.0,0.0,0.0,0.0,0.0,0.0,0.0,0.0,0.0,0.0,0.0,0.0,0.0,0.0,0.0,0.0,0.0,607.64,0.0,0.0,0.0,0.0,48.61,0.0,752.5,45.15,0.0,0.0,0.0,0.0,0.0,0.0,0.0,242.12,0.0,0.0,0.0,0.0,0.0,2686.86,0.0,5841.0,0.0,0.0,0.0,0.0,0.0,0.0,0.0,0.0,2453.22,0.0,0.0,645.65,228.67,0.0,0.0,0.0,0.0,0.0,0.0,0.0,0.0,295.92,543.68,174.86,65.24,0.0,0.0,0.0,0.0,0.0,0.0,0.0,0.0,0.0,0.0,0.0,0.0,2277.0,0.0,0.0,5841.0,5375.0,0.0,0.0,0.0,0.0,0.0,3440.0,0.0,1935.0,0.0,0.0,0.0,0.0,0.0,0.0,0.0,0.0,0.0,0.0,0.0,0.0,0.0,860.0,0.0,0.0,43.0,0.0,139.75,0.0,0.0,0.0,0.0,0.0,0.0,0.0,64.5,0.0,0.0,940.63,0.0,0.0,0.0,0.0,0.0,0.0,0.0,0.0,0.0,0.0,0.0,0.0,0.0,241.88,0.0,0.0,0.0,0.0,0.0,0.0,0.0,43.0,46.90,G,EWS_ETL,group-financials-1.0,2026-05-18T12:54:13Z
GROUP_UNMAPPED_45564660,2026-01-01,GROUP_UNMAPPED_45564660,Ф1/Ф2,806.76,0.0,0.0,0.0,0.0,0.0,0.0,0.0,0.0,0.0,0.0,0.0,0.0,0.0,0.0,0.0,0.0,0.0,692.43,0.0,0.0,0.0,0.0,55.39,0.0,857.5,51.45,0.0,0.0,0.0,0.0,0.0,0.0,0.0,275.9,0.0,0.0,0.0,0.0,0.0,3092.58,0.0,6723.0,0.0,0.0,0.0,0.0,0.0,0.0,0.0,0.0,2823.66,0.0,0.0,735.73,260.57,0.0,0.0,0.0,0.0,0.0,0.0,0.0,0.0,337.21,619.54,199.26,74.34,0.0,0.0,0.0,0.0,0.0,0.0,0.0,0.0,0.0,0.0,0.0,0.0,2620.83,0.0,0.0,6723.0,6125.0,0.0,0.0,0.0,0.0,0.0,3920.0,0.0,2205.0,0.0,0.0,0.0,0.0,0.0,0.0,0.0,0.0,0.0,0.0,0.0,0.0,0.0,980.0,0.0,0.0,49.0,0.0,159.25,0.0,0.0,0.0,0.0,0.0,0.0,0.0,73.5,0.0,0.0,1071.87,0.0,0.0,0.0,0.0,0.0,0.0,0.0,0.0,0.0,0.0,0.0,0.0,0.0,275.62,0.0,0.0,0.0,0.0,0.0,0.0,0.0,49.0,46.90,G,EWS_ETL,group-financials-1.0,2026-05-18T12:54:13Z
GROUP_UNMAPPED_45713735,2026-01-01,GROUP_UNMAPPED_45713735,Ф1/Ф2,1406.52,0.0,0.0,0.0,0.0,0.0,0.0,0.0,0.0,0.0,0.0,0.0,0.0,0.0,0.0,0.0,0.0,0.0,1172.89,0.0,0.0,0.0,0.0,93.83,0.0,1452.5,87.15,0.0,0.0,0.0,0.0,0.0,0.0,0.0,467.34,0.0,0.0,0.0,0.0,0.0,5391.66,0.0,11721.0,0.0,0.0,0.0,0.0,0.0,0.0,0.0,0.0,4922.82,0.0,0.0,1246.25,441.38,0.0,0.0,0.0,0.0,0.0,0.0,0.0,0.0,571.2,1049.43,337.53,125.93,0.0,0.0,0.0,0.0,0.0,0.0,0.0,0.0,0.0,0.0,0.0,0.0,4569.2,0.0,0.0,11721.0,10375.0,0.0,0.0,0.0,0.0,0.0,6640.0,0.0,3735.0,0.0,0.0,0.0,0.0,0.0,0.0,0.0,0.0,0.0,0.0,0.0,0.0,0.0,1660.0,0.0,0.0,83.0,0.0,269.75,0.0,0.0,0.0,0.0,0.0,0.0,0.0,124.5,0.0,0.0,1815.63,0.0,0.0,0.0,0.0,0.0,0.0,0.0,0.0,0.0,0.0,0.0,0.0,0.0,466.88,0.0,0.0,0.0,0.0,0.0,0.0,0.0,83.0,10.89,C,EWS_ETL,group-financials-1.0,2026-05-18T12:54:13Z
