mandatory_no,actual_date,potential_sample_date,segment,client_code,edrpou,client_name,must_include_flag
1,2025-12-31,2026-01-01,ТОП,757990,42751799,"ТОВ  ""Д.ТРЕЙДІНГ""",1
2,2025-12-31,2026-01-01,ТОП,564799,37129163,"ТОВ ""АЛЬБАКОР""",1
3,2025-12-31,2026-01-01,ТОП,2159923,45506389,ТОВ «ІНЖУР СКАЙ»,1
4,2025-12-31,2026-01-01,ТОП,1456179,41403314,"ТОВ ""АВІАКОМПАНІЯ СКАЙАП""",1
5,2025-12-31,2026-01-01,ТОП,473782,40532173,"ТОВ ""ЮТЕРМ УКРАЇНА""",1
6,2025-12-31,2026-01-01,ТОП,365334,30976452,"ТОВ ""Техноторг""",1
7,2025-12-31,2026-01-01,ТОП,401694,32165482,"ТОВ ""ВИРОБНИЧА КОМПАНІЯ """"ВІКІНГ""""""",1
8,2025-12-31,2026-01-01,ТОП,390976,40292090,"ТОВ ""ЮГФУД""",1
9,2025-12-31,2026-01-01,ТОП,1481439,45564660,"ТОВ ""ПРОМЕТЕЙ КАПИТАЛ""",1
10,2025-12-31,2026-01-01,ТОП,122945,20831737,"ТзОВ ""ТРОПІК""",1
11,2025-12-31,2026-01-01,ТОП,506731,41054005,"ТОВ ""ЕЛІКСИР УКРАЇНА""",1
12,2025-12-31,2026-01-01,ТОП,980206,32673400,"ТзОВ ""КОРМОТЕХ""",1
13,2025-12-31,2026-01-01,ТОП,72133,30704028,"ТОВ ""ВИНФОРТ""",1
14,2025-12-31,2026-01-01,ТОП,1380642,45054208,"ТОВ ""ЄКСОН ЮК""",1
15,2025-12-31,2026-01-01,ТОП,56445,33074226,"ТОВ ""МТ""",1
16,2025-12-31,2026-01-01,ТОП,1323640,45124442,"ТОВ ""ПАЕК-ПІВДЕНЬ""",1
17,2025-12-31,2026-01-01,ТОП,597596,31466053,"ТОВ ""АКВАІЗОЛ""",1
18,2025-12-31,2026-01-01,ТОП,802695,36867724,"ТОВ ""ТЕРРАФУД""",1
19,2025-12-31,2026-01-01,ТОП,344654,37278720,"ТОВ ""СП УКРСОЯ""",1
20,2025-12-31,2026-01-01,ТОП,1491277,45412956,"ТОВ ""ПВ КОЕНЕРДЖІ""",1
21,2025-12-31,2026-01-01,ТОП,1862852,45278636,"ТОВ ""ФІДНОВА ЦЕНТР""",1
22,2025-12-31,2026-01-01,інші,1324436,45038043,"ТОВ ""ПАЕК-АГРО""",1
23,2025-12-31,2026-01-01,інші,392604,40334224,"ТОВ  ""ДДС+""",1
24,2025-12-31,2026-01-01,інші,2145272,45425059,ТОВ «ІНЖУР ЕНЕРДЖІ»,1
25,2025-12-31,2026-01-01,інші,725217,40548267,"ТОВ ""ПОЛИ-ТРЕЙД""",1
26,2025-12-31,2026-01-01,інші,450850,39681292,"ТОВ ""ТД """"МІЛК-СЕРВІС""""""",1
27,2025-12-31,2026-01-01,інші,744420,40976600,"ТОВ ""ППЕК""",1
28,2025-12-31,2026-01-01,інші,119958,37037544,"ТОВ ""ТОРГОВИЙ ДІМ """"СОКАР УКРАЇНА""""""",1
29,2025-12-31,2026-01-01,інші,325714,38305367,"ТОВ ""СОКАР ПЕТРОЛЕУМ""",1
30,2025-12-31,2026-01-01,інші,196009,32122069,"ТОВ ""Житомирський м'ясокомбінат""",1
31,2025-12-31,2026-01-01,інші,365278,31764816,"ТОВ ""Техноторг-Дон""",1
32,2025-12-31,2026-01-01,інші,810199,30822837,"ПрАТ ""ЛЛГЗ""",1
33,2025-12-31,2026-01-01,інші,972642,44524171,"ТОВ ""СОЛІПАУЕР ТРЕЙДІНГ""",1
34,2025-12-31,2026-01-01,інші,1456327,44550002,"ТОВ ""ФОКУС ДИСТРИБЬЮШН""",1
35,2025-12-31,2026-01-01,інші,1294808,44638778,"ТОВ ""ТРЕЙД ГРАНІТ ІНВЕСТ""",1
36,2025-12-31,2026-01-01,інші,804100,43607439,"ТОВ ""АГРО-ЗЕРНО""",1
37,2025-12-31,2026-01-01,інші,72178,32751876,"ТОВ ""ПТК ШАБО""",1
38,2025-12-31,2026-01-01,інші,1266104,45088504,"ТОВ ""АГРОВИРОБНИЦТВО""",1
39,2025-12-31,2026-01-01,інші,931835,31980957,"ТОВ ""ПЗП""",1
40,2025-12-31,2026-01-01,інші,882715,42071643,"ТОВ ""ФІДНОВА""",1
41,2025-12-31,2026-01-01,інші,196731,14325705,"ТДВ ""ІНТЕРХІМ""",1
42,2025-12-31,2026-01-01,інші,724150,43162182,"ТОВ ""ВЕНТА РІТЕЙЛ""",1
43,2025-12-31,2026-01-01,інші,1965127,45713735,"ТОВ ""ДДС ІНТЕРНЕШНЛ""",1
44,2025-12-31,2026-01-01,інші,815721,35495114,"ТЗОВ ""ТОРГОВИЙ ДІМ """"АВАНТА""""""",1
45,2025-12-31,2026-01-01,інші,21650,13429839,"ТОВ ""СПЕЦТЕХОСНАСТКА""",1
46,2025-12-31,2026-01-01,інші,262238,22480087,"С П ""ВІТМАРК-УКРАЇНА"" ТОВ",1
47,2025-12-31,2026-01-01,інші,86761,31893770,"ТОВ ""ГРАНО СОЛЮШН""",1
48,2025-12-31,2026-01-01,інші,270019,14291113,"ТОВ СП ""НІБУЛОН""",1
49,2025-12-31,2026-01-01,інші,321925,39215751,"ТОВ ""БЛУМІ""",1
50,2025-12-31,2026-01-01,інші,374023,00376403,"ТОВ""Буський консервний завод""",1
51,2025-12-31,2026-01-01,інші,641196,35863179,"ТОВ  ""АЙСБЕРГ-ФІШ""",1
52,2025-12-31,2026-01-01,інші,733579,30652567,"ТОВ ""АВТОМОБІЛЬНИЙ ДІМ""",1
53,2025-12-31,2026-01-01,інші,455422,41041279,"ТОВ ""РИСОІЛ УКРАЇНА""",1
54,2025-12-31,2026-01-01,інші,268196,37197929,"ТОВ ""ТАТАРБУНАРИ СОЛАР 2""",1
55,2025-12-31,2026-01-01,інші,269526,37893933,"ТОВ ""АЗІМУТ ЗАПАД""",1
56,2025-12-31,2026-01-01,інші,1046322,43487506,"ТОВ ""МДП""",1
57,2025-12-31,2026-01-01,інші,342613,37412312,"ТОВ ""ГРОСДОРФ""",1
58,2025-12-31,2026-01-01,інші,311772,22722461,ПрАТ «КОМПЛЕКС БЕЗЛЮДІВ.М'ЯСОКОМБІНАТ»,1
59,2025-12-31,2026-01-01,інші,1596136,40581739,"ТОВ ""ДОЙЧ-ФАРМ""",1
60,2025-12-31,2026-01-01,інші,97903,00178353,"ПРАТ ""ДТЕК ПАВЛОГРАДВУГІЛЛЯ""",1
61,2025-12-31,2026-01-01,інші,1128823,44797285,"ТОВ ""ФІШ-АЛЬЯНС ЛТД""",1
62,2025-12-31,2026-01-01,інші,428964,39615460,"ТОВ "" ВТГ-ТРЕЙДІНГ""",1
63,2025-12-31,2026-01-01,інші,393737,37351098,"ПП ""АЛЬФА ЛЮКС""",1
64,2025-12-31,2026-01-01,інші,284818,32998661,"ТОВ ""МАЛБІ ФУДС""",1
65,2025-12-31,2026-01-01,інші,1466248,40861875,"ТОВ ""АРАТА-ЗАХІД""",1
66,2025-12-31,2026-01-01,інші,218339,20205260,"Компанія ""Золотий Лев""",1
67,2025-12-31,2026-01-01,інші,406600,35672132,"ТОВ ""КОМБІНАТ ХЛІБОПЕЧЕННЯ """"КУЛИНИЧІ""""""",1
68,2025-12-31,2026-01-01,інші,695004,43090747,"ТОВ ""ФЕРТІ ГРЕЙН""",1
69,2025-12-31,2026-01-01,інші,924627,35720615,"ТОВ ""АГРО КАПІТАЛ ЦЕНТР""",1
70,2025-12-31,2026-01-01,інші,457777,32399340,"ТОВ ""АГРОХІМРЕСУРС""",1
71,2025-12-31,2026-01-01,інші,289096,31228240,"ТЗОВ ""АГРО-ІНВЕСТ""",1
72,2025-12-31,2026-01-01,інші,2029035,35251665,"ТОВ ""НОВО-КОМЕРЦБУД""",1
73,2025-12-31,2026-01-01,інші,487402,38092323,"ТОВ ""ТОРГОВИЙ ДІМ """"ЖИТОМИРСЬКІ ЛАСОЩІ""""""",1
74,2025-12-31,2026-01-01,інші,357681,33929610,"ТОВ ""АКРОПОЛІС - ПЛАЗА""",1
75,2025-12-31,2026-01-01,інші,2111847,44676394,"ТОВ ""ТД КРАМАР ЛТД""",1
76,2025-12-31,2026-01-01,інші,729643,39387655,"ТОВ ""Б.МК""",1
77,2025-12-31,2026-01-01,інші,2142629,45477018,"ТОВ ""Тарус трейд""",1
78,2025-12-31,2026-01-01,інші,123227,32333962,"ПрАТ ""ІСРЗ""",1
79,2025-12-31,2026-01-01,інші,470622,41162327,"ТОВ ""ЩЕДРО""",1
80,2025-12-31,2026-01-01,інші,473592,41201418,"ТОВ ""ПЕТРОЛ ТРЕЙДІНГ""",1
81,2025-12-31,2026-01-01,інші,119926,36866563,"ТОВ""СОКАР ЕНЕРДЖІ УКРАЇНА""",1
82,2025-12-31,2026-01-01,інші,2146723,40489427,"ТОВ ""КРАНИ УКРАЇНИ""",1
83,2025-12-31,2026-01-01,інші,578439,38897719,"ТОВ ""ДМИТРУК-ФУДЗ""",1
84,2025-12-31,2026-01-01,інші,639758,41747399,"ТОВ ""ФРІ-СІСТЕМ""",1
85,2025-12-31,2026-01-01,інші,1055765,44307498,"ТОВ ""СЕРІОС СНЕК""",1
86,2025-12-31,2026-01-01,інші,950546,39237508,"ТОВ ""ЛЮКС КРАЇНА""",1
87,2025-12-31,2026-01-01,інші,2066474,45348336,"ТОВ ""ТАЙМ ОФ ТІМ""",1
88,2025-12-31,2026-01-01,інші,246476,01553770,"АТ ""Полтавахолод""",1
89,2025-12-31,2026-01-01,інші,63435,38013278,"ТОВ ""ШЕН-СЕРВІС""",1
90,2025-12-31,2026-01-01,інші,530458,41810266,"ТОВ ""ОДЕСЬКИЙ ПОРТОВИЙ ОПЕРАТОР""",1
91,2025-12-31,2026-01-01,інші,960489,33658865,"ТОВ ""РДС""",1
92,2025-12-31,2026-01-01,інші,863951,38737616,"ТОВ ""ДІАТОМ""",1
93,2025-12-31,2026-01-01,інші,460373,41126163,"ТОВ ""ЛЕРНА ОЙЛ""",1
94,2025-12-31,2026-01-01,інші,423515,40720198,"ТОВ ""СІЛЬПО-ФУД""",1
95,2025-12-31,2026-01-01,інші,232177,37971230,"ПП ""ДЖИВАЛЬДІС""",1
96,2025-12-31,2026-01-01,інші,260880,31559190,"ТОВ ""ТД ІРБІС""",1
